{
    "mcc": 0.005606181622799383,
    "auc_roc": 0.4982661870503597,
    "accuracy": 0.3071904761904762,
    "classification_report_dict": {
        "class_1": {
            "accuracy": 0.3071904761904762,
            "precision": 0.007308401262788646,
            "recall": 0.7200000000000001,
            "f1-score": 0.014467330383315486,
            "roc_auc": 0.4982661870503597,
            "pr_auc": 0.009456708939405782,
            "mcc": 0.005606181622799383
        }
    }
}