{
    "mcc": 0.08197344518015871,
    "auc_roc": 0.7759040767386092,
    "accuracy": 0.6926428571428571,
    "classification_report_dict": {
        "class_1": {
            "accuracy": 0.6926428571428571,
            "precision": 0.017777413829476254,
            "recall": 0.7500000000000001,
            "f1-score": 0.03469073162498435,
            "roc_auc": 0.7759040767386092,
            "pr_auc": 0.08518615655664387,
            "mcc": 0.08197344518015871
        }
    }
}