{
    "mcc": 0.031420962619223135,
    "auc_roc": 0.614011990407674,
    "accuracy": 0.26835714285714285,
    "classification_report_dict": {
        "class_1": {
            "accuracy": 0.26835714285714285,
            "precision": 0.0087221119921452,
            "recall": 0.8999999999999999,
            "f1-score": 0.017276560197485347,
            "roc_auc": 0.614011990407674,
            "pr_auc": 0.014017154964757786,
            "mcc": 0.031420962619223135
        }
    }
}