{
    "mcc": 0.060374795633969566,
    "auc_roc": 0.7957505995203836,
    "accuracy": 0.4990476190476191,
    "classification_report_dict": {
        "class_1": {
            "accuracy": 0.4990476190476191,
            "precision": 0.012222881743188122,
            "recall": 0.8599999999999999,
            "f1-score": 0.024099625317593305,
            "roc_auc": 0.7957505995203836,
            "pr_auc": 0.07311120523295352,
            "mcc": 0.060374795633969566
        }
    }
}