{
    "mcc": 0.08787954099264614,
    "auc_roc": 0.7746067146282974,
    "accuracy": 0.7649523809523807,
    "classification_report_dict": {
        "class_1": {
            "accuracy": 0.7649523809523807,
            "precision": 0.02073842415874342,
            "recall": 0.6733333333333333,
            "f1-score": 0.04016454735799392,
            "roc_auc": 0.7746067146282974,
            "pr_auc": 0.04360486600492671,
            "mcc": 0.08787954099264614
        }
    }
}