{
  "model": {
    "version": "linear_regression_v1",
    "intercept": 4.508983369367997,
    "coefficients": {
      "VCC_s1_nb_added_sizeof": -0.0008634470463491638,
      "VCC_s2_nb_removed_sizeof": 0.0018614290477635643,
      "VCC_s3_diff_sizeof": -0.0027248760940908282,
      "VCC_s4_sum_sizeof": 0.0009979820014233212,
      "VCC_s5_nb_added_continue": 0.13699502188276438,
      "VCC_s6_nb_removed_continue": -0.10513092954897524,
      "VCC_s7_nb_added_break": 0.0014143908286406732,
      "VCC_s8_nb_removed_break": -0.0016745879344268544,
      "VCC_s9_nb_added_INTMAX": 0.020376223671752902,
      "VCC_s10_nb_removed_INTMAX": -0.0511012736906393,
      "VCC_s11_nb_added_goto": -0.011225697124117686,
      "VCC_s12_nb_removed_goto": 0.011928433593046624,
      "VCC_s13_nb_added_define": -0.00046342950931089165,
      "VCC_s14_nb_removed_define": 0.0005627033518132568,
      "VCC_s15_nb_added_struct": -0.0002163691499269607,
      "VCC_s16_nb_removed_struct": -0.00022000683825289247,
      "VCC_s17_diff_struct": 3.6376883318367526e-06,
      "VCC_s18_sum_struct": -0.00043637598817783396,
      "VCC_s19_nb_added_offset": 0.008724325907075482,
      "VCC_s20_nb_removed_offset": -0.009836196468309702,
      "VCC_s21_nb_added_void": 0.0007481515209691453,
      "VCC_s22_nb_removed_void": -0.002174861474227144,
      "VCC_s23_diff_void": 0.002923012995196775,
      "VCC_s24_sum_void": -0.0014267099532794536,
      "VCC_f1_sum_file_change": 0.003078889501451215,
      "VCC_f2_nb_added_loop": -0.0017099048637606584,
      "VCC_f3_nb_removed_loop": 0.0020503050716955823,
      "VCC_f4_diff_loop": -0.0037602099354490937,
      "VCC_f5_sum_loop": 0.00034040020794992923,
      "VCC_f6_nb_added_if": 0.00018014427276244124,
      "VCC_f7_nb_removed_if": -0.0002542166038935062,
      "VCC_f8_diff_if": 0.00043436087665604806,
      "VCC_f9_sum_if": -7.407233113063127e-05,
      "VCC_f10_nb_added_line": 2.1261734934399645e-06,
      "VCC_f11_nb_removed_line": -1.1937662858618747e-05,
      "VCC_f12_diff_line": 1.4063836230419902e-05,
      "VCC_f13_sum_line": -9.811489981598025e-06,
      "VCC_f14_nb_added_paren": -7.397669822772901e-06,
      "VCC_f15_nb_removed_paren": 3.0116235139683936e-05,
      "VCC_f16_diff_paren": -3.751390487823081e-05,
      "VCC_f17_sum_paren": 2.271856536829875e-05,
      "VCC_f18_nb_added_bool": 0.00016062735888137947,
      "VCC_f19_nb_removed_bool": -0.00015826531259485917,
      "VCC_f20_diff_bool": 0.0003188926714800325,
      "VCC_f21_sum_bool": 2.36204629822101e-06,
      "VCC_f22_nb_added_assignement": 2.4291304785313377e-05,
      "VCC_f23_nb_removed_assignement": 1.0402951102225257e-05,
      "VCC_f24_diff_assignement": 1.3888353627505845e-05,
      "VCC_f25_sum_assignement": 3.469425592068226e-05,
      "VCC_f26_nb_added_function": -0.0031003688284691536,
      "VCC_f27_nb_removed_function": 0.0030936237514866405,
      "VCC_f28_diff_function": -0.00619399257995136,
      "VCC_f29_sum_function": -6.7450769960439305e-06,
      "VCC_w1": -0.11827358682896871,
      "VCC_w2": -0.11142367970442957,
      "VCC_w3": 0.03748138030534338,
      "VCC_w4": -0.04649024958186683,
      "VCC_w5": -0.04603948802830378,
      "VCC_w6": -0.06254359077088702,
      "VCC_w7": 0.017187529983856017,
      "VCC_w8": -0.23438005437565834,
      "VCC_w9": -0.04348972122997513,
      "VCC_w10": -0.04122928473602237,
      "project_total_function_percent": 0.09721324760325847,
      "project_total_line_percent": -0.3040773433534574,
      "project_total_region_percent": 0.14969542779876155,
      "project_total_branch_percent": -0.020761111097352958,
      "project_total_instantiation_percent": -0.03208757336805956,
      "patch_coverage_recalculated": 0.11248806658456574,
      "project_total_function_percent_delta": -0.056162916145694367,
      "project_total_line_percent_delta": -0.5015012287156133,
      "project_total_region_percent_delta": 0.7191769585187457,
      "project_total_branch_percent_delta": 0.06840115076461195,
      "project_total_instantiation_percent_delta": 0.02056085462612532,
      "patch_coverage_recalculated_delta": 0.0
    },
    "feature_order": [
      "VCC_s1_nb_added_sizeof",
      "VCC_s2_nb_removed_sizeof",
      "VCC_s3_diff_sizeof",
      "VCC_s4_sum_sizeof",
      "VCC_s5_nb_added_continue",
      "VCC_s6_nb_removed_continue",
      "VCC_s7_nb_added_break",
      "VCC_s8_nb_removed_break",
      "VCC_s9_nb_added_INTMAX",
      "VCC_s10_nb_removed_INTMAX",
      "VCC_s11_nb_added_goto",
      "VCC_s12_nb_removed_goto",
      "VCC_s13_nb_added_define",
      "VCC_s14_nb_removed_define",
      "VCC_s15_nb_added_struct",
      "VCC_s16_nb_removed_struct",
      "VCC_s17_diff_struct",
      "VCC_s18_sum_struct",
      "VCC_s19_nb_added_offset",
      "VCC_s20_nb_removed_offset",
      "VCC_s21_nb_added_void",
      "VCC_s22_nb_removed_void",
      "VCC_s23_diff_void",
      "VCC_s24_sum_void",
      "VCC_f1_sum_file_change",
      "VCC_f2_nb_added_loop",
      "VCC_f3_nb_removed_loop",
      "VCC_f4_diff_loop",
      "VCC_f5_sum_loop",
      "VCC_f6_nb_added_if",
      "VCC_f7_nb_removed_if",
      "VCC_f8_diff_if",
      "VCC_f9_sum_if",
      "VCC_f10_nb_added_line",
      "VCC_f11_nb_removed_line",
      "VCC_f12_diff_line",
      "VCC_f13_sum_line",
      "VCC_f14_nb_added_paren",
      "VCC_f15_nb_removed_paren",
      "VCC_f16_diff_paren",
      "VCC_f17_sum_paren",
      "VCC_f18_nb_added_bool",
      "VCC_f19_nb_removed_bool",
      "VCC_f20_diff_bool",
      "VCC_f21_sum_bool",
      "VCC_f22_nb_added_assignement",
      "VCC_f23_nb_removed_assignement",
      "VCC_f24_diff_assignement",
      "VCC_f25_sum_assignement",
      "VCC_f26_nb_added_function",
      "VCC_f27_nb_removed_function",
      "VCC_f28_diff_function",
      "VCC_f29_sum_function",
      "VCC_w1",
      "VCC_w2",
      "VCC_w3",
      "VCC_w4",
      "VCC_w5",
      "VCC_w6",
      "VCC_w7",
      "VCC_w8",
      "VCC_w9",
      "VCC_w10",
      "project_total_function_percent",
      "project_total_line_percent",
      "project_total_region_percent",
      "project_total_branch_percent",
      "project_total_instantiation_percent",
      "patch_coverage_recalculated",
      "project_total_function_percent_delta",
      "project_total_line_percent_delta",
      "project_total_region_percent_delta",
      "project_total_branch_percent_delta",
      "project_total_instantiation_percent_delta",
      "patch_coverage_recalculated_delta"
    ],
    "feature_signature": "1d2d87d6d251cdfd62040c2e3590be6aee34ce239b8ea23ea6fec136e80fbef9",
    "mode": "multi"
  },
  "settings": {
    "random_state": 42,
    "use_hyperparam_optimization": false,
    "walkforward_splits": 10,
    "use_recent_training": false
  },
  "metrics": {
    "evaluation_mode": "leave_one_project_out",
    "lopo_overall": {
      "mae": 6.693643875035798,
      "rmse": 56.44399074700517,
      "mape": 2.316908637339238,
      "count": 5656.0
    },
    "lopo_project_metrics": {
      "arrow": {
        "mae": 2.8126745036024507,
        "rmse": 3.466770085846828,
        "mape": 2.148212555048769,
        "count": 172.0
      },
      "c-blosc2": {
        "mae": 6.343879572565795,
        "rmse": 12.113926250522914,
        "mape": 1.0876563759323425,
        "count": 40.0
      },
      "ghostscript": {
        "mae": 22.80929144662971,
        "rmse": 273.71818550077495,
        "mape": 0.8007199224239454,
        "count": 222.0
      },
      "harfbuzz": {
        "mae": 10.887540350898142,
        "rmse": 14.60882978602295,
        "mape": 4.556825871641954,
        "count": 472.0
      },
      "icu": {
        "mae": 3.368318236789971,
        "rmse": 4.122130146843423,
        "mape": 2.119192287315046,
        "count": 87.0
      },
      "libjxl": {
        "mae": 9.915170795988066,
        "rmse": 16.67062058778253,
        "mape": 0.9811835504428604,
        "count": 95.0
      },
      "libxml2": {
        "mae": 5.427063204197922,