{
  "model": {
    "version": "linear_regression_v1",
    "intercept": -0.06159047185614423,
    "coefficients": {
      "VCC_s1_nb_added_sizeof": -0.0017437945981970736,
      "VCC_s2_nb_removed_sizeof": 0.0024035216762763054,
      "VCC_s3_diff_sizeof": -0.004147316274446214,
      "VCC_s4_sum_sizeof": 0.000659727078096253,
      "VCC_s5_nb_added_continue": 0.1539577510061214,
      "VCC_s6_nb_removed_continue": -0.06865878257884203,
      "VCC_s7_nb_added_break": 0.002394346521248803,
      "VCC_s8_nb_removed_break": -0.0012478399141242723,
      "VCC_s9_nb_added_INTMAX": -0.04353839576546164,
      "VCC_s10_nb_removed_INTMAX": -0.027083001783774423,
      "VCC_s11_nb_added_goto": -0.01054522222207172,
      "VCC_s12_nb_removed_goto": 0.006618441240227887,
      "VCC_s13_nb_added_define": -0.0003298746873753133,
      "VCC_s14_nb_removed_define": 0.0002871569380476181,
      "VCC_s15_nb_added_struct": 0.0003650633091494722,
      "VCC_s16_nb_removed_struct": 0.0010263057503221563,
      "VCC_s17_diff_struct": -0.0006612424411716591,
      "VCC_s18_sum_struct": 0.0013913690594679236,
      "VCC_s19_nb_added_offset": 0.0074678525727987916,
      "VCC_s20_nb_removed_offset": -0.007952555031297805,
      "VCC_s21_nb_added_void": 4.4510415004096835e-05,
      "VCC_s22_nb_removed_void": -0.0020164098084813507,
      "VCC_s23_diff_void": 0.002060920223485649,
      "VCC_s24_sum_void": -0.0019718993934782813,
      "VCC_f1_sum_file_change": 0.004295666619142786,
      "VCC_f2_nb_added_loop": -0.000585513662369478,
      "VCC_f3_nb_removed_loop": 0.001015366283154023,
      "VCC_f4_diff_loop": -0.0016008799455226284,
      "VCC_f5_sum_loop": 0.00042985262078559794,
      "VCC_f6_nb_added_if": 0.0005397947046790683,
      "VCC_f7_nb_removed_if": -0.0005303962615338942,
      "VCC_f8_diff_if": 0.001070190966208459,
      "VCC_f9_sum_if": 9.39844314343935e-06,
      "VCC_f10_nb_added_line": -1.6053726198464457e-06,
      "VCC_f11_nb_removed_line": -1.5125580225294408e-05,
      "VCC_f12_diff_line": 1.3520207673511572e-05,
      "VCC_f13_sum_line": -1.6730952947102695e-05,
      "VCC_f14_nb_added_paren": -4.170266919165805e-05,
      "VCC_f15_nb_removed_paren": 6.631101853896149e-05,
      "VCC_f16_diff_paren": -0.00010801368768489916,
      "VCC_f17_sum_paren": 2.460834934100986e-05,
      "VCC_f18_nb_added_bool": 0.00017319968488640168,
      "VCC_f19_nb_removed_bool": -8.790178350443975e-05,
      "VCC_f20_diff_bool": 0.00026110146840248663,
      "VCC_f21_sum_bool": 8.529790138524229e-05,
      "VCC_f22_nb_added_assignement": 3.331589114903208e-05,
      "VCC_f23_nb_removed_assignement": 7.628369956547143e-08,
      "VCC_f24_diff_assignement": 3.323960742459761e-05,
      "VCC_f25_sum_assignement": 3.3392174878361935e-05,
      "VCC_f26_nb_added_function": -0.0026477091640796963,
      "VCC_f27_nb_removed_function": 0.0025710535637291417,
      "VCC_f28_diff_function": -0.005218762727805557,
      "VCC_f29_sum_function": -7.665560035281446e-05,
      "VCC_w1": -0.04706368706897238,
      "VCC_w2": -0.03572959423918821,
      "VCC_w3": -0.08580281509843533,
      "VCC_w4": 0.2283345975328331,
      "VCC_w5": -0.10011113271448434,
      "VCC_w6": -0.07802431357332867,
      "VCC_w7": -0.02383281008577916,
      "VCC_w8": -0.06236278721133101,
      "VCC_w9": -0.02600495659940728,
      "VCC_w10": 0.02638029118290042,
      "project_total_function_percent": -0.031125797284051307,
      "project_total_line_percent": -0.07694961574874433,
      "project_total_region_percent": 0.09099314174687274,
      "project_total_branch_percent": 0.009844720495382969,
      "project_total_instantiation_percent": 0.023672643593489983,
      "patch_coverage_recalculated": 0.010312189813632829,
      "project_total_function_percent_delta": 0.03907087932547446,
      "project_total_line_percent_delta": -0.13178486468827644,
      "project_total_region_percent_delta": 0.12229810406987454,
      "project_total_branch_percent_delta": -0.002338174424397474,
      "project_total_instantiation_percent_delta": -0.017536099620990418,
      "patch_coverage_recalculated_delta": 0.0
    },
    "feature_order": [
      "VCC_s1_nb_added_sizeof",
      "VCC_s2_nb_removed_sizeof",
      "VCC_s3_diff_sizeof",
      "VCC_s4_sum_sizeof",
      "VCC_s5_nb_added_continue",
      "VCC_s6_nb_removed_continue",
      "VCC_s7_nb_added_break",
      "VCC_s8_nb_removed_break",
      "VCC_s9_nb_added_INTMAX",
      "VCC_s10_nb_removed_INTMAX",
      "VCC_s11_nb_added_goto",
      "VCC_s12_nb_removed_goto",
      "VCC_s13_nb_added_define",
      "VCC_s14_nb_removed_define",
      "VCC_s15_nb_added_struct",
      "VCC_s16_nb_removed_struct",
      "VCC_s17_diff_struct",
      "VCC_s18_sum_struct",
      "VCC_s19_nb_added_offset",
      "VCC_s20_nb_removed_offset",
      "VCC_s21_nb_added_void",
      "VCC_s22_nb_removed_void",
      "VCC_s23_diff_void",
      "VCC_s24_sum_void",
      "VCC_f1_sum_file_change",
      "VCC_f2_nb_added_loop",
      "VCC_f3_nb_removed_loop",
      "VCC_f4_diff_loop",
      "VCC_f5_sum_loop",
      "VCC_f6_nb_added_if",
      "VCC_f7_nb_removed_if",
      "VCC_f8_diff_if",
      "VCC_f9_sum_if",
      "VCC_f10_nb_added_line",
      "VCC_f11_nb_removed_line",
      "VCC_f12_diff_line",
      "VCC_f13_sum_line",
      "VCC_f14_nb_added_paren",
      "VCC_f15_nb_removed_paren",
      "VCC_f16_diff_paren",
      "VCC_f17_sum_paren",
      "VCC_f18_nb_added_bool",
      "VCC_f19_nb_removed_bool",
      "VCC_f20_diff_bool",
      "VCC_f21_sum_bool",
      "VCC_f22_nb_added_assignement",
      "VCC_f23_nb_removed_assignement",
      "VCC_f24_diff_assignement",
      "VCC_f25_sum_assignement",
      "VCC_f26_nb_added_function",
      "VCC_f27_nb_removed_function",
      "VCC_f28_diff_function",
      "VCC_f29_sum_function",
      "VCC_w1",
      "VCC_w2",
      "VCC_w3",
      "VCC_w4",
      "VCC_w5",
      "VCC_w6",
      "VCC_w7",
      "VCC_w8",
      "VCC_w9",
      "VCC_w10",
      "project_total_function_percent",
      "project_total_line_percent",
      "project_total_region_percent",
      "project_total_branch_percent",
      "project_total_instantiation_percent",
      "patch_coverage_recalculated",
      "project_total_function_percent_delta",
      "project_total_line_percent_delta",
      "project_total_region_percent_delta",
      "project_total_branch_percent_delta",
      "project_total_instantiation_percent_delta",
      "patch_coverage_recalculated_delta"
    ],
    "feature_signature": "1d2d87d6d251cdfd62040c2e3590be6aee34ce239b8ea23ea6fec136e80fbef9",
    "mode": "multi"
  },
  "settings": {
    "random_state": 42,
    "use_hyperparam_optimization": false,
    "walkforward_splits": 10,
    "use_recent_training": false
  },
  "metrics": {
    "evaluation_mode": "leave_one_project_out",
    "lopo_overall": {
      "mae": 2.0918712194719435,
      "rmse": 8.492503150159171,
      "mape": 1.1720009559274056,
      "count": 4973.0
    },
    "lopo_project_metrics": {
      "arrow": {
        "mae": 1.1464520513481784,
        "rmse": 1.4632415376288184,
        "mape": 0.39185128721952767,
        "count": 376.0
      },
      "c-blosc2": {
        "mae": 3.58920038824055,
        "rmse": 12.576152693931046,
        "mape": 1.485060058705994,
        "count": 35.0
      },
      "harfbuzz": {
        "mae": 1.5852825794602152,
        "rmse": 2.495065807403578,
        "mape": 0.8078223658843966,
        "count": 596.0
      },
      "icu": {
        "mae": 0.9684040679977498,
        "rmse": 1.6445598242049966,
        "mape": 0.7913072088353259,
        "count": 110.0
      },
      "libjxl": {
        "mae": 2.007195485464553,
        "rmse": 11.41452629364912,
        "mape": 0.9992130429179389,
        "count": 114.0
      },
      "libxml2": {
        "mae": 4.259803394989956,
        "rmse": 27.81884111761835,
        "mape": 0.9958363045269006,
        "count": 63.0
      },
      "mruby": {
        "mae": 2.0944976542491993,