{
  "model": {
    "version": "linear_regression_v1",
    "intercept": 4.796699823024896,
    "coefficients": {
      "VCC_s1_nb_added_sizeof": -0.0006181577688121803,
      "VCC_s2_nb_removed_sizeof": 0.0014523265748622467,
      "VCC_s3_diff_sizeof": -0.002070484343737157,
      "VCC_s4_sum_sizeof": 0.0008341688059886991,
      "VCC_s5_nb_added_continue": 0.10713597762194588,
      "VCC_s6_nb_removed_continue": -0.08737388317059423,
      "VCC_s7_nb_added_break": 0.003496868686572752,
      "VCC_s8_nb_removed_break": -0.0012475211747738808,
      "VCC_s9_nb_added_INTMAX": 0.03692660059805487,
      "VCC_s10_nb_removed_INTMAX": -0.05833687200102817,
      "VCC_s11_nb_added_goto": -0.01087783428660111,
      "VCC_s12_nb_removed_goto": 0.01223926897699985,
      "VCC_s13_nb_added_define": -0.00039314865869640066,
      "VCC_s14_nb_removed_define": -7.83906705374357e-05,
      "VCC_s15_nb_added_struct": 4.03328597111674e-05,
      "VCC_s16_nb_removed_struct": 0.0004493016408860795,
      "VCC_s17_diff_struct": -0.00040896878117042956,
      "VCC_s18_sum_struct": 0.0004896345005967612,
      "VCC_s19_nb_added_offset": 0.008345185306193353,
      "VCC_s20_nb_removed_offset": -0.008485605287211345,
      "VCC_s21_nb_added_void": 0.00030129655951124934,
      "VCC_s22_nb_removed_void": -0.0017906101583672063,
      "VCC_s23_diff_void": 0.002091906717875819,
      "VCC_s24_sum_void": -0.0014893135988529732,
      "VCC_f1_sum_file_change": 0.0029824966392784785,
      "VCC_f2_nb_added_loop": -0.0008781443501437378,
      "VCC_f3_nb_removed_loop": 0.0006336770603372621,
      "VCC_f4_diff_loop": -0.0015118214104924976,
      "VCC_f5_sum_loop": -0.0002444672897996686,
      "VCC_f6_nb_added_if": 4.7162434883826765e-05,
      "VCC_f7_nb_removed_if": -0.0002707626482281872,
      "VCC_f8_diff_if": 0.000317925083117121,
      "VCC_f9_sum_if": -0.00022360021336679387,
      "VCC_f10_nb_added_line": -5.234372587595119e-06,
      "VCC_f11_nb_removed_line": -1.8088610744277506e-06,
      "VCC_f12_diff_line": -3.4255118772311827e-06,
      "VCC_f13_sum_line": -7.043234186746418e-06,
      "VCC_f14_nb_added_paren": 4.6057329933235636e-07,
      "VCC_f15_nb_removed_paren": 2.3645957864248945e-06,
      "VCC_f16_diff_paren": -1.9040223693256308e-06,
      "VCC_f17_sum_paren": 2.825168918307863e-06,
      "VCC_f18_nb_added_bool": 7.052254783569689e-05,
      "VCC_f19_nb_removed_bool": 4.121276690412061e-05,
      "VCC_f20_diff_bool": 2.9309780901081578e-05,
      "VCC_f21_sum_bool": 0.0001117353147169417,
      "VCC_f22_nb_added_assignement": 1.849197168924538e-05,
      "VCC_f23_nb_removed_assignement": 2.853907182728821e-07,
      "VCC_f24_diff_assignement": 1.8206580919929993e-05,
      "VCC_f25_sum_assignement": 1.8777362299472744e-05,
      "VCC_f26_nb_added_function": -0.002908569541525796,
      "VCC_f27_nb_removed_function": 0.0028522790818164942,
      "VCC_f28_diff_function": -0.0057608486233557445,
      "VCC_f29_sum_function": -5.6290459709461976e-05,
      "VCC_w1": -0.15288929541139712,
      "VCC_w2": -0.13341021930052321,
      "VCC_w3": -0.016354527232498355,
      "VCC_w4": -0.09545962088561485,
      "VCC_w5": -0.0935278515552577,
      "VCC_w6": -0.09460345143375329,
      "VCC_w7": 0.02318645028652669,
      "VCC_w8": -0.15509908517166368,
      "VCC_w9": -0.09463335349537443,
      "VCC_w10": -0.011446473840629759,
      "project_total_function_percent": 0.11681364109613591,
      "project_total_line_percent": -0.3388453407549511,
      "project_total_region_percent": 0.21770697367037345,
      "project_total_branch_percent": -0.010205299698160003,
      "project_total_instantiation_percent": -0.04545149114663555,
      "patch_coverage_recalculated": -0.03145666357874705,
      "project_total_function_percent_delta": -0.09098233915151821,
      "project_total_line_percent_delta": -0.36567017399977675,
      "project_total_region_percent_delta": 0.5936840281519692,
      "project_total_branch_percent_delta": 0.07475034062781967,
      "project_total_instantiation_percent_delta": 0.05664046647736348,
      "patch_coverage_recalculated_delta": 0.0
    },
    "feature_order": [
      "VCC_s1_nb_added_sizeof",
      "VCC_s2_nb_removed_sizeof",
      "VCC_s3_diff_sizeof",
      "VCC_s4_sum_sizeof",
      "VCC_s5_nb_added_continue",
      "VCC_s6_nb_removed_continue",
      "VCC_s7_nb_added_break",
      "VCC_s8_nb_removed_break",
      "VCC_s9_nb_added_INTMAX",
      "VCC_s10_nb_removed_INTMAX",
      "VCC_s11_nb_added_goto",
      "VCC_s12_nb_removed_goto",
      "VCC_s13_nb_added_define",
      "VCC_s14_nb_removed_define",
      "VCC_s15_nb_added_struct",
      "VCC_s16_nb_removed_struct",
      "VCC_s17_diff_struct",
      "VCC_s18_sum_struct",
      "VCC_s19_nb_added_offset",
      "VCC_s20_nb_removed_offset",
      "VCC_s21_nb_added_void",
      "VCC_s22_nb_removed_void",
      "VCC_s23_diff_void",
      "VCC_s24_sum_void",
      "VCC_f1_sum_file_change",
      "VCC_f2_nb_added_loop",
      "VCC_f3_nb_removed_loop",
      "VCC_f4_diff_loop",
      "VCC_f5_sum_loop",
      "VCC_f6_nb_added_if",
      "VCC_f7_nb_removed_if",
      "VCC_f8_diff_if",
      "VCC_f9_sum_if",
      "VCC_f10_nb_added_line",
      "VCC_f11_nb_removed_line",
      "VCC_f12_diff_line",
      "VCC_f13_sum_line",
      "VCC_f14_nb_added_paren",
      "VCC_f15_nb_removed_paren",
      "VCC_f16_diff_paren",
      "VCC_f17_sum_paren",
      "VCC_f18_nb_added_bool",
      "VCC_f19_nb_removed_bool",
      "VCC_f20_diff_bool",
      "VCC_f21_sum_bool",
      "VCC_f22_nb_added_assignement",
      "VCC_f23_nb_removed_assignement",
      "VCC_f24_diff_assignement",
      "VCC_f25_sum_assignement",
      "VCC_f26_nb_added_function",
      "VCC_f27_nb_removed_function",
      "VCC_f28_diff_function",
      "VCC_f29_sum_function",
      "VCC_w1",
      "VCC_w2",
      "VCC_w3",
      "VCC_w4",
      "VCC_w5",
      "VCC_w6",
      "VCC_w7",
      "VCC_w8",
      "VCC_w9",
      "VCC_w10",
      "project_total_function_percent",
      "project_total_line_percent",
      "project_total_region_percent",
      "project_total_branch_percent",
      "project_total_instantiation_percent",
      "patch_coverage_recalculated",
      "project_total_function_percent_delta",
      "project_total_line_percent_delta",
      "project_total_region_percent_delta",
      "project_total_branch_percent_delta",
      "project_total_instantiation_percent_delta",
      "patch_coverage_recalculated_delta"
    ],
    "feature_signature": "1d2d87d6d251cdfd62040c2e3590be6aee34ce239b8ea23ea6fec136e80fbef9",
    "mode": "multi"
  },
  "settings": {
    "random_state": 42,
    "use_hyperparam_optimization": false,
    "walkforward_splits": 10,
    "use_recent_training": false
  },
  "metrics": {
    "evaluation_mode": "leave_one_project_out",
    "lopo_overall": {
      "mae": 6.262616947313031,
      "rmse": 53.25625462688551,
      "mape": 2.5616973225776745,
      "count": 6229.0
    },
    "lopo_project_metrics": {
      "arrow": {
        "mae": 2.7828910332406185,
        "rmse": 2.944819049208796,
        "mape": 0.693497833302896,
        "count": 280.0
      },
      "c-blosc2": {
        "mae": 5.609599916205092,
        "rmse": 13.495258263822146,
        "mape": 0.950313755214961,
        "count": 38.0
      },
      "ghostscript": {
        "mae": 38.197827978592635,
        "rmse": 366.1469453462773,
        "mape": 0.9459515126602753,
        "count": 124.0
      },
      "harfbuzz": {
        "mae": 10.381199275706194,
        "rmse": 10.551010576671901,
        "mape": 3.3321132742143535,
        "count": 544.0
      },
      "icu": {
        "mae": 2.1728074042035517,
        "rmse": 2.4488977136360495,
        "mape": 0.6142596134484191,
        "count": 128.0
      },
      "libjxl": {
        "mae": 8.000353913613013,
        "rmse": 15.09242174395253,
        "mape": 0.9782598277224623,
        "count": 121.0
      },
      "libxml2": {
        "mae": 4.462614487663164,