{
    "mcc": 0.04957049023637298,
    "auc_roc": 0.6665372716996846,
    "accuracy": 0.13957543593631538,
    "classification_report_dict": {
        "class_1": {
            "accuracy": 0.13957543593631538,
            "precision": 0.02227166139533062,
            "recall": 0.9935897435897435,
            "f1-score": 0.043566125781985224,
            "roc_auc": 0.6665372716996846,
            "pr_auc": 0.03779971360703552,
            "mcc": 0.04957049023637298
        }
    }
}