{
    "mcc": 0.05671370820002058,
    "auc_roc": 0.6392617050389671,
    "accuracy": 0.46282537275713925,
    "classification_report_dict": {
        "class_1": {
            "accuracy": 0.46282537275713925,
            "precision": 0.026620516685669535,
            "recall": 0.741025641025641,
            "f1-score": 0.05134378201253438,
            "roc_auc": 0.6392617050389671,
            "pr_auc": 0.040498677150403624,
            "mcc": 0.05671370820002058
        }
    }
}