{
    "mcc": 0.05714712827005317,
    "auc_roc": 0.6847170166775737,
    "accuracy": 0.20093505180692448,
    "classification_report_dict": {
        "class_1": {
            "accuracy": 0.20093505180692448,
            "precision": 0.023456247123133586,
            "recall": 0.9717948717948718,
            "f1-score": 0.04580351934245694,
            "roc_auc": 0.6847170166775737,
            "pr_auc": 0.04285223149464856,
            "mcc": 0.05714712827005317
        }
    }
}