{
    "mcc": 0.0808669845090925,
    "auc_roc": 0.6960224681222361,
    "accuracy": 0.4147839272175891,
    "classification_report_dict": {
        "class_1": {
            "accuracy": 0.4147839272175891,
            "precision": 0.028937627975766288,
            "recall": 0.873076923076923,
            "f1-score": 0.055964158678511046,
            "roc_auc": 0.6960224681222361,
            "pr_auc": 0.04112358683030578,
            "mcc": 0.0808669845090925
        }
    }
}