{
    "mcc": 0.02674227004645372,
    "auc_roc": 0.5737357962996014,
    "accuracy": 0.4633308061662876,
    "classification_report_dict": {
        "class_1": {
            "accuracy": 0.4633308061662876,
            "precision": 0.023181508016523,
            "recall": 0.6346153846153846,
            "f1-score": 0.044693049577690803,
            "roc_auc": 0.5737357962996014,
            "pr_auc": 0.04183824445456284,
            "mcc": 0.02674227004645372
        }
    }
}