{
    "mcc": -0.005309452121762039,
    "auc_roc": 0.4963548878427028,
    "accuracy": 0.963765076035658,
    "classification_report_dict": {
        "class_1": {
            "accuracy": 0.963765076035658,
            "precision": 0.008265016137433029,
            "recall": 0.017391304347826084,
            "f1-score": 0.01116317350875922,
            "roc_auc": 0.4963548878427028,
            "pr_auc": 0.012326959649375495,
            "mcc": -0.005309452121762039
        }
    }
}