{
    "mcc": 0.012004025628405964,
    "auc_roc": 0.5512875995084682,
    "accuracy": 0.47561121049493144,
    "classification_report_dict": {
        "class_1": {
            "accuracy": 0.47561121049493144,
            "precision": 0.016584055750721683,
            "recall": 0.5745098039215687,
            "f1-score": 0.032227214916907415,
            "roc_auc": 0.5512875995084682,
            "pr_auc": 0.020650536874256966,
            "mcc": 0.012004025628405964
        }
    }
}