{
    "mcc": 0.05760800235687123,
    "auc_roc": 0.6787661840394651,
    "accuracy": 0.41878354203935597,
    "classification_report_dict": {
        "class_1": {
            "accuracy": 0.41878354203935597,
            "precision": 0.021125388169969738,
            "recall": 0.8176470588235295,
            "f1-score": 0.041178070392796536,
            "roc_auc": 0.6787661840394651,
            "pr_auc": 0.033307762038316535,
            "mcc": 0.05760800235687123
        }
    }
}