{
    "mcc": 0.045668410027957775,
    "auc_roc": 0.6321053943830027,
    "accuracy": 0.5835420393559928,
    "classification_report_dict": {
        "class_1": {
            "accuracy": 0.5835420393559928,
            "precision": 0.021818662513264957,
            "recall": 0.6,
            "f1-score": 0.04208560260079958,
            "roc_auc": 0.6321053943830027,
            "pr_auc": 0.025657608846090314,
            "mcc": 0.045668410027957775
        }
    }
}