{
    "mcc": 0.07244115777259051,
    "auc_roc": 0.7174939003757727,
    "accuracy": 0.48908765652951697,
    "classification_report_dict": {
        "class_1": {
            "accuracy": 0.48908765652951697,
            "precision": 0.023883431574116584,
            "recall": 0.8098039215686276,
            "f1-score": 0.046383288751273725,
            "roc_auc": 0.7174939003757727,
            "pr_auc": 0.042655439333010504,
            "mcc": 0.07244115777259051
        }
    }
}