{
    "mcc": 0.05650835078496026,
    "auc_roc": 0.6744875425192782,
    "accuracy": 0.3544126416219439,
    "classification_report_dict": {
        "class_1": {
            "accuracy": 0.3544126416219439,
            "precision": 0.02020257773991117,
            "recall": 0.8705882352941178,
            "f1-score": 0.0394796282372527,
            "roc_auc": 0.6744875425192782,
            "pr_auc": 0.030953476970299213,
            "mcc": 0.05650835078496026
        }
    }
}