{
    "mcc": 0.04564383973654271,
    "auc_roc": 0.6811484374999998,
    "accuracy": 0.8212820512820512,
    "classification_report_dict": {
        "class_1": {
            "accuracy": 0.8212820512820512,
            "precision": 0.028570662914951372,
            "recall": 0.3066666666666667,
            "f1-score": 0.051546969540151456,
            "roc_auc": 0.6811484374999998,
            "pr_auc": 0.0362592559324564,
            "mcc": 0.04564383973654271
        }
    }
}