{
    "mcc": 0.14057506502824232,
    "auc_roc": 0.7366041666666666,
    "accuracy": 0.8992307692307692,
    "classification_report_dict": {
        "class_1": {
            "accuracy": 0.8992307692307692,
            "precision": 0.07059394536122432,
            "recall": 0.4233333333333334,
            "f1-score": 0.11992363569768583,
            "roc_auc": 0.7366041666666666,
            "pr_auc": 0.09740689559826031,
            "mcc": 0.14057506502824232
        }
    }
}