{
    "mcc": 0.11432214430392017,
    "auc_roc": 0.7614635416666666,
    "accuracy": 0.6521538461538461,
    "classification_report_dict": {
        "class_1": {
            "accuracy": 0.6521538461538461,
            "precision": 0.03444538075439791,
            "recall": 0.7933333333333333,
            "f1-score": 0.06600310673857497,
            "roc_auc": 0.7614635416666666,
            "pr_auc": 0.037861874551121874,
            "mcc": 0.11432214430392017
        }
    }
}