{
    "mcc": 0.12964692169567948,
    "auc_roc": 0.7999973958333333,
    "accuracy": 0.8484102564102565,
    "classification_report_dict": {
        "class_1": {
            "accuracy": 0.8484102564102565,
            "precision": 0.05341051225890406,
            "recall": 0.5233333333333333,
            "f1-score": 0.09674532120955043,
            "roc_auc": 0.7999973958333333,
            "pr_auc": 0.09468314605689623,
            "mcc": 0.12964692169567948
        }
    }
}