{
    "mcc": 0.09579116859956002,
    "auc_roc": 0.7522005208333333,
    "accuracy": 0.810923076923077,
    "classification_report_dict": {
        "class_1": {
            "accuracy": 0.810923076923077,
            "precision": 0.040219342223182325,
            "recall": 0.4866666666666667,
            "f1-score": 0.07403930108134404,
            "roc_auc": 0.7522005208333333,
            "pr_auc": 0.13785987187053986,
            "mcc": 0.09579116859956002
        }
    }
}