{
    "mcc": -0.0017353046284844817,
    "auc_roc": 0.498435154760456,
    "accuracy": 0.9686821705426356,
    "classification_report_dict": {
        "class_1": {
            "accuracy": 0.9686821705426356,
            "precision": 0.006374802225709982,
            "recall": 0.021212121212121213,
            "f1-score": 0.009751272985774332,
            "roc_auc": 0.498435154760456,
            "pr_auc": 0.007733458815042395,
            "mcc": -0.0017353046284844817
        }
    }
}