{
    "mcc": -0.016118531006837553,
    "auc_roc": 0.4956373551465575,
    "accuracy": 0.9137142857142855,
    "classification_report_dict": {
        "class_1": {
            "accuracy": 0.9137142857142855,
            "precision": 0.03857910063792416,
            "recall": 0.011111111111111108,
            "f1-score": 0.01712179733968079,
            "roc_auc": 0.4956373551465575,
            "pr_auc": 0.06885835311202958,
            "mcc": -0.016118531006837553
        }
    }
}