{
    "mcc": -0.006735631263732675,
    "auc_roc": 0.49611979166666664,
    "accuracy": 0.964051282051282,
    "classification_report_dict": {
        "class_1": {
            "accuracy": 0.964051282051282,
            "precision": 0.009477218687745004,
            "recall": 0.013333333333333334,
            "f1-score": 0.011005482107431134,
            "roc_auc": 0.49611979166666664,
            "pr_auc": 0.016127209048261683,
            "mcc": -0.006735631263732675
        }
    }
}