{
    "mcc": -0.029273691982807597,
    "auc_roc": 0.4104609862671661,
    "accuracy": 0.5006941230911613,
    "classification_report_dict": {
        "class_1": {
            "accuracy": 0.5006941230911613,
            "precision": 0.008382844617067368,
            "recall": 0.3626666666666667,
            "f1-score": 0.016380933954763914,
            "roc_auc": 0.4104609862671661,
            "pr_auc": 0.010825403238396395,
            "mcc": -0.029273691982807597
        }
    }
}