{
    "mcc": 0.01122128728210761,
    "auc_roc": 0.5490530586766542,
    "accuracy": 0.23921024217183404,
    "classification_report_dict": {
        "class_1": {
            "accuracy": 0.23921024217183404,
            "precision": 0.012307558037779201,
            "recall": 0.8133333333333334,
            "f1-score": 0.02424508572200126,
            "roc_auc": 0.5490530586766542,
            "pr_auc": 0.016469813564085965,
            "mcc": 0.01122128728210761
        }
    }
}