{
    "mcc": 0.031312707097684044,
    "auc_roc": 0.6040680399500623,
    "accuracy": 0.4623322535863027,
    "classification_report_dict": {
        "class_1": {
            "accuracy": 0.4623322535863027,
            "precision": 0.014626504022291391,
            "recall": 0.6853333333333335,
            "f1-score": 0.028636258004051427,
            "roc_auc": 0.6040680399500623,
            "pr_auc": 0.018069285274960267,
            "mcc": 0.031312707097684044
        }
    }
}