{
    "mcc": 0.03331943447090311,
    "auc_roc": 0.6607359550561795,
    "accuracy": 0.28658028690421106,
    "classification_report_dict": {
        "class_1": {
            "accuracy": 0.28658028690421106,
            "precision": 0.013836649960480651,
            "recall": 0.8600000000000001,
            "f1-score": 0.027232942138794448,
            "roc_auc": 0.6607359550561795,
            "pr_auc": 0.03520296392061977,
            "mcc": 0.03331943447090311
        }
    }
}