{
    "mcc": 0.0008052900495824435,
    "auc_roc": 0.5636413857677902,
    "accuracy": 0.18776800863797624,
    "classification_report_dict": {
        "class_1": {
            "accuracy": 0.18776800863797624,
            "precision": 0.011578853018859104,
            "recall": 0.8213333333333336,
            "f1-score": 0.02283286394962234,
            "roc_auc": 0.5636413857677902,
            "pr_auc": 0.022671288250926316,
            "mcc": 0.0008052900495824435
        }
    }
}