{
    "mcc": 0.012621183641808713,
    "auc_roc": 0.5624883637665593,
    "accuracy": 0.7416666666666668,
    "classification_report_dict": {
        "class_1": {
            "accuracy": 0.7416666666666668,
            "precision": 0.07780749304071163,
            "recall": 0.24035087719298245,
            "f1-score": 0.11572733651781814,
            "roc_auc": 0.5624883637665593,
            "pr_auc": 0.0888223693364258,
            "mcc": 0.012621183641808713
        }
    }
}