{
    "mcc": 0.1867732083647741,
    "auc_roc": 0.7110705334765485,
    "accuracy": 0.6273989898989897,
    "classification_report_dict": {
        "class_1": {
            "accuracy": 0.6273989898989897,
            "precision": 0.13151490697850823,
            "recall": 0.7315789473684209,
            "f1-score": 0.2221567165639505,
            "roc_auc": 0.7110705334765485,
            "pr_auc": 0.19531706023024656,
            "mcc": 0.1867732083647741
        }
    }
}