{
    "mcc": 0.1330760698949264,
    "auc_roc": 0.6583351235230935,
    "accuracy": 0.681313131313131,
    "classification_report_dict": {
        "class_1": {
            "accuracy": 0.681313131313131,
            "precision": 0.12170569104788034,
            "recall": 0.5491228070175438,
            "f1-score": 0.19902149890921148,
            "roc_auc": 0.6583351235230935,
            "pr_auc": 0.12582408892177807,
            "mcc": 0.1330760698949264
        }
    }
}