{
    "mcc": 0.19395269975789667,
    "auc_roc": 0.7330827067669172,
    "accuracy": 0.6515151515151516,
    "classification_report_dict": {
        "class_1": {
            "accuracy": 0.6515151515151516,
            "precision": 0.13644940949478826,
            "recall": 0.7157894736842106,
            "f1-score": 0.2286367060054176,
            "roc_auc": 0.7330827067669172,
            "pr_auc": 0.21137474058954536,
            "mcc": 0.19395269975789667
        }
    }
}