{
    "mcc": 0.11260279896348321,
    "auc_roc": 0.7032330827067669,
    "accuracy": 0.4242424242424242,
    "classification_report_dict": {
        "class_1": {
            "accuracy": 0.4242424242424242,
            "precision": 0.09558170828054023,
            "recall": 0.8157894736842106,
            "f1-score": 0.17081162907109765,
            "roc_auc": 0.7032330827067669,
            "pr_auc": 0.25848868802643454,
            "mcc": 0.11260279896348321
        }
    }
}