{
    "mcc": 0.07927599459731341,
    "auc_roc": 0.6419571532316631,
    "accuracy": 0.616839785961599,
    "classification_report_dict": {
        "class_1": {
            "accuracy": 0.616839785961599,
            "precision": 0.07061701220886878,
            "recall": 0.5555555555555555,
            "f1-score": 0.12412800296416174,
            "roc_auc": 0.6419571532316631,
            "pr_auc": 0.08964594138386958,
            "mcc": 0.07927599459731341
        }
    }
}