{
    "mcc": 0.12381261436717872,
    "auc_roc": 0.6965582529308019,
    "accuracy": 0.5581366068618193,
    "classification_report_dict": {
        "class_1": {
            "accuracy": 0.5581366068618193,
            "precision": 0.0774404768753974,
            "recall": 0.731372549019608,
            "f1-score": 0.13906246591606125,
            "roc_auc": 0.6965582529308019,
            "pr_auc": 0.11465372610340105,
            "mcc": 0.12381261436717872
        }
    }
}