{
    "mcc": 0.11369205651461652,
    "auc_roc": 0.6967420764602139,
    "accuracy": 0.6016367642429965,
    "classification_report_dict": {
        "class_1": {
            "accuracy": 0.6016367642429965,
            "precision": 0.07710684263244502,
            "recall": 0.6627450980392159,
            "f1-score": 0.13808608423146387,
            "roc_auc": 0.6967420764602139,
            "pr_auc": 0.10923345898286144,
            "mcc": 0.11369205651461652
        }
    }
}