{
    "mcc": 0.15379787868622022,
    "auc_roc": 0.7482817200954455,
    "accuracy": 0.5325779036827195,
    "classification_report_dict": {
        "class_1": {
            "accuracy": 0.5325779036827195,
            "precision": 0.08159516350029672,
            "recall": 0.8398692810457518,
            "f1-score": 0.14857235841932231,
            "roc_auc": 0.7482817200954455,
            "pr_auc": 0.12685735994411437,
            "mcc": 0.15379787868622022
        }
    }
}