{
    "mcc": 0.0888780382086189,
    "auc_roc": 0.6456592359165889,
    "accuracy": 0.4358199559332704,
    "classification_report_dict": {
        "class_1": {
            "accuracy": 0.4358199559332704,
            "precision": 0.06541652436552237,
            "recall": 0.7875816993464054,
            "f1-score": 0.1204767384219992,
            "roc_auc": 0.6456592359165889,
            "pr_auc": 0.09653252376073439,
            "mcc": 0.0888780382086189
        }
    }
}