{
    "mcc": 0.005550682371372815,
    "auc_roc": 0.5026187354312355,
    "accuracy": 0.9534738485558155,
    "classification_report_dict": {
        "class_1": {
            "accuracy": 0.9534738485558155,
            "precision": 0.032537647537647534,
            "recall": 0.02727272727272727,
            "f1-score": 0.028266521934714153,
            "roc_auc": 0.5026187354312355,
            "pr_auc": 0.028420556371376048,
            "mcc": 0.005550682371372815
        }
    }
}