{
    "mcc": 0.05424660334217242,
    "auc_roc": 0.6813437499999999,
    "accuracy": 0.7962564102564103,
    "classification_report_dict": {
        "class_1": {
            "accuracy": 0.7962564102564103,
            "precision": 0.029402921032113786,
            "recall": 0.37000000000000005,
            "f1-score": 0.05389514954111943,
            "roc_auc": 0.6813437499999999,
            "pr_auc": 0.046017421717895496,
            "mcc": 0.05424660334217242
        }
    }
}