{
    "mcc": 0.11128965714988982,
    "auc_roc": 0.7212656249999999,
    "accuracy": 0.8817948717948717,
    "classification_report_dict": {
        "class_1": {
            "accuracy": 0.8817948717948717,
            "precision": 0.056212215435629265,
            "recall": 0.39000000000000007,
            "f1-score": 0.09653938583585095,
            "roc_auc": 0.7212656249999999,
            "pr_auc": 0.06675340080044147,
            "mcc": 0.11128965714988982
        }
    }
}