{
    "mcc": 0.09782520295355578,
    "auc_roc": 0.7702395833333334,
    "accuracy": 0.6920512820512822,
    "classification_report_dict": {
        "class_1": {
            "accuracy": 0.6920512820512822,
            "precision": 0.03352557299599301,
            "recall": 0.6733333333333336,
            "f1-score": 0.0638142791162787,
            "roc_auc": 0.7702395833333334,
            "pr_auc": 0.04914419541605542,
            "mcc": 0.09782520295355578
        }
    }
}