{
    "mcc": 0.11342168032104791,
    "auc_roc": 0.7658906249999998,
    "accuracy": 0.7907179487179488,
    "classification_report_dict": {
        "class_1": {
            "accuracy": 0.7907179487179488,
            "precision": 0.04270500559473914,
            "recall": 0.58,
            "f1-score": 0.07937975202032396,
            "roc_auc": 0.7658906249999998,
            "pr_auc": 0.07212120172332502,
            "mcc": 0.11342168032104791
        }
    }
}