{
    "mcc": 0.07632351367042907,
    "auc_roc": 0.6948229166666667,
    "accuracy": 0.7618974358974359,
    "classification_report_dict": {
        "class_1": {
            "accuracy": 0.7618974358974359,
            "precision": 0.03237454983877179,
            "recall": 0.4966666666666667,
            "f1-score": 0.06069698192252807,
            "roc_auc": 0.6948229166666667,
            "pr_auc": 0.10259438512316393,
            "mcc": 0.07632351367042907
        }
    }
}