{
    "mcc": -0.020818785915154476,
    "auc_roc": 0.4366098626716604,
    "accuracy": 0.48472929199444703,
    "classification_report_dict": {
        "class_1": {
            "accuracy": 0.48472929199444703,
            "precision": 0.009415298651872073,
            "recall": 0.41866666666666663,
            "f1-score": 0.01841006284562956,
            "roc_auc": 0.4366098626716604,
            "pr_auc": 0.010599122444586462,
            "mcc": -0.020818785915154476
        }
    }
}