{
    "mcc": 0.005558351039627065,
    "auc_roc": 0.5510667915106118,
    "accuracy": 0.2609902822767237,
    "classification_report_dict": {
        "class_1": {
            "accuracy": 0.2609902822767237,
            "precision": 0.011890513025321492,
            "recall": 0.7666666666666667,
            "f1-score": 0.023416782302778605,
            "roc_auc": 0.5510667915106118,
            "pr_auc": 0.017290703104812434,
            "mcc": 0.005558351039627065
        }
    }
}