{
    "mcc": 0.035842176278481984,
    "auc_roc": 0.6002166042446943,
    "accuracy": 0.4215949406139133,
    "classification_report_dict": {
        "class_1": {
            "accuracy": 0.4215949406139133,
            "precision": 0.01479392026617203,
            "recall": 0.7466666666666666,
            "f1-score": 0.02901002409729668,
            "roc_auc": 0.6002166042446943,
            "pr_auc": 0.016290855129399272,
            "mcc": 0.035842176278481984
        }
    }
}