{
    "mcc": 0.02882359242182908,
    "auc_roc": 0.6404475655430711,
    "accuracy": 0.320191269474009,
    "classification_report_dict": {
        "class_1": {
            "accuracy": 0.320191269474009,
            "precision": 0.013667705144081619,
            "recall": 0.8106666666666666,
            "f1-score": 0.026881464194870072,
            "roc_auc": 0.6404475655430711,
            "pr_auc": 0.023304614447875068,
            "mcc": 0.02882359242182908
        }
    }
}