{
    "mcc": -0.007734544184662578,
    "auc_roc": 0.5546576154806492,
    "accuracy": 0.26643529230294616,
    "classification_report_dict": {
        "class_1": {
            "accuracy": 0.26643529230294616,
            "precision": 0.011068623368301401,
            "recall": 0.7066666666666666,
            "f1-score": 0.021793480720807334,
            "roc_auc": 0.5546576154806492,
            "pr_auc": 0.024431547347446937,
            "mcc": -0.007734544184662578
        }
    }
}