{
    "mcc": -0.007208314396054308,
    "auc_roc": 0.4975130329909742,
    "accuracy": 0.9335221907459866,
    "classification_report_dict": {
        "class_1": {
            "accuracy": 0.9335221907459866,
            "precision": 0.037950573051416595,
            "recall": 0.01503267973856209,
            "f1-score": 0.021391335107877225,
            "roc_auc": 0.4975130329909742,
            "pr_auc": 0.04888660152509723,
            "mcc": -0.007208314396054308
        }
    }
}