{
    "mcc": 0.01147299942161402,
    "auc_roc": 0.5027906976744186,
    "accuracy": 0.9236263736263735,
    "classification_report_dict": {
        "class_1": {
            "accuracy": 0.9236263736263735,
            "precision": 0.07698412698412697,
            "recall": 0.030000000000000002,
            "f1-score": 0.04198628169216404,
            "roc_auc": 0.5027906976744186,
            "pr_auc": 0.06266178266178266,
            "mcc": 0.01147299942161402
        }
    }
}