{
    "mcc": 0.009533495369313295,
    "auc_roc": 0.505525280048441,
    "accuracy": 0.9633571854502087,
    "classification_report_dict": {
        "class_1": {
            "accuracy": 0.9633571854502087,
            "precision": 0.023287495916299156,
            "recall": 0.03333333333333333,
            "f1-score": 0.0272781036769076,
            "roc_auc": 0.505525280048441,
            "pr_auc": 0.016505605354990592,
            "mcc": 0.009533495369313295
        }
    }
}