{
  "model": {
    "version": "linear_regression_v1",
    "intercept": -5.166715550748338,
    "coefficients": {
      "VCC_s1_nb_added_sizeof": -0.0721107634203745,
      "VCC_s2_nb_removed_sizeof": 0.047026639680459545,
      "VCC_s3_diff_sizeof": -0.11913740309946988,
      "VCC_s4_sum_sizeof": -0.025084123739596544,
      "VCC_s5_nb_added_continue": -0.43799525048530125,
      "VCC_s6_nb_removed_continue": -0.8571159290318346,
      "VCC_s7_nb_added_break": -0.019438234975281972,
      "VCC_s8_nb_removed_break": 0.04517813303050233,
      "VCC_s9_nb_added_INTMAX": -4.389516135477165,
      "VCC_s10_nb_removed_INTMAX": -0.29571342038502757,
      "VCC_s11_nb_added_goto": -0.12537698155389967,
      "VCC_s12_nb_removed_goto": 0.06895194572082233,
      "VCC_s13_nb_added_define": -0.008621063064886317,
      "VCC_s14_nb_removed_define": 0.00204214569733073,
      "VCC_s15_nb_added_struct": 0.06844878151060518,
      "VCC_s16_nb_removed_struct": -0.1440886319402831,
      "VCC_s17_diff_struct": 0.2125374134508504,
      "VCC_s18_sum_struct": -0.07563985042967299,
      "VCC_s19_nb_added_offset": 1.0954954461883064,
      "VCC_s20_nb_removed_offset": 1.5920013174320808,
      "VCC_s21_nb_added_void": -0.005323832596939859,
      "VCC_s22_nb_removed_void": 0.007478583386231807,
      "VCC_s23_diff_void": -0.012802415983249993,
      "VCC_s24_sum_void": 0.0021547507891726964,
      "VCC_f1_sum_file_change": -0.03405700204842063,
      "VCC_f2_nb_added_loop": -0.07968150554375411,
      "VCC_f3_nb_removed_loop": -0.08522738669526556,
      "VCC_f4_diff_loop": 0.0055458811515075755,
      "VCC_f5_sum_loop": -0.16490889223901525,
      "VCC_f6_nb_added_if": -0.015028769085828342,
      "VCC_f7_nb_removed_if": 0.003961316443986021,
      "VCC_f8_diff_if": -0.018990085529766026,
      "VCC_f9_sum_if": -0.011067452641954467,
      "VCC_f10_nb_added_line": 0.00010033351833869941,
      "VCC_f11_nb_removed_line": -0.00015824266146503146,
      "VCC_f12_diff_line": 0.00025857617943588884,
      "VCC_f13_sum_line": -5.7909145160114917e-05,
      "VCC_f14_nb_added_paren": 0.004514764132262927,
      "VCC_f15_nb_removed_paren": -0.004998059455751935,
      "VCC_f16_diff_paren": 0.009512823588715191,
      "VCC_f17_sum_paren": -0.00048329532388524665,
      "VCC_f18_nb_added_bool": -0.004768663696729014,
      "VCC_f19_nb_removed_bool": 0.00411555879666925,
      "VCC_f20_diff_bool": -0.00888422249271903,
      "VCC_f21_sum_bool": -0.0006531048997251432,
      "VCC_f22_nb_added_assignement": 0.010564204907174246,
      "VCC_f23_nb_removed_assignement": 0.006273602257158339,
      "VCC_f24_diff_assignement": 0.004290602649919505,
      "VCC_f25_sum_assignement": 0.016837807164764795,
      "VCC_f26_nb_added_function": -0.036060706971692655,
      "VCC_f27_nb_removed_function": 0.04782659752178244,
      "VCC_f28_diff_function": -0.08388730449349814,
      "VCC_f29_sum_function": 0.011765890550162778,
      "VCC_w1": -0.49259773175589244,
      "VCC_w2": 0.49402497036367143,
      "VCC_w3": 0.5443588016329789,
      "VCC_w4": -1.4797084544469161,
      "VCC_w5": 1.8439530311867829,
      "VCC_w6": 0.04118775542376357,
      "VCC_w7": -0.20355621877833657,
      "VCC_w8": -0.4544124070852903,
      "VCC_w9": 2.489742327138652,
      "VCC_w10": -1.0207244035736254,
      "project_total_function_percent": -0.15743993942289958,
      "project_total_line_percent": 0.5508084880964133,
      "project_total_region_percent": -0.3700308603690514,
      "project_total_branch_percent": 0.029822279387390294,
      "project_total_instantiation_percent": 0.17018824170753233,
      "patch_coverage_recalculated": -0.01252212551378018,
      "project_total_function_percent_delta": 0.7248249152692183,
      "project_total_line_percent_delta": -0.8360009503720645,
      "project_total_region_percent_delta": 0.6713325004023847,
      "project_total_branch_percent_delta": -0.11553999649030611,
      "project_total_instantiation_percent_delta": -0.6911977570929814,
      "patch_coverage_recalculated_delta": 0.0
    },
    "feature_order": [
      "VCC_s1_nb_added_sizeof",
      "VCC_s2_nb_removed_sizeof",
      "VCC_s3_diff_sizeof",
      "VCC_s4_sum_sizeof",
      "VCC_s5_nb_added_continue",
      "VCC_s6_nb_removed_continue",
      "VCC_s7_nb_added_break",
      "VCC_s8_nb_removed_break",
      "VCC_s9_nb_added_INTMAX",
      "VCC_s10_nb_removed_INTMAX",
      "VCC_s11_nb_added_goto",
      "VCC_s12_nb_removed_goto",
      "VCC_s13_nb_added_define",
      "VCC_s14_nb_removed_define",
      "VCC_s15_nb_added_struct",
      "VCC_s16_nb_removed_struct",
      "VCC_s17_diff_struct",
      "VCC_s18_sum_struct",
      "VCC_s19_nb_added_offset",
      "VCC_s20_nb_removed_offset",
      "VCC_s21_nb_added_void",
      "VCC_s22_nb_removed_void",
      "VCC_s23_diff_void",
      "VCC_s24_sum_void",
      "VCC_f1_sum_file_change",
      "VCC_f2_nb_added_loop",
      "VCC_f3_nb_removed_loop",
      "VCC_f4_diff_loop",
      "VCC_f5_sum_loop",
      "VCC_f6_nb_added_if",
      "VCC_f7_nb_removed_if",
      "VCC_f8_diff_if",
      "VCC_f9_sum_if",
      "VCC_f10_nb_added_line",
      "VCC_f11_nb_removed_line",
      "VCC_f12_diff_line",
      "VCC_f13_sum_line",
      "VCC_f14_nb_added_paren",
      "VCC_f15_nb_removed_paren",
      "VCC_f16_diff_paren",
      "VCC_f17_sum_paren",
      "VCC_f18_nb_added_bool",
      "VCC_f19_nb_removed_bool",
      "VCC_f20_diff_bool",
      "VCC_f21_sum_bool",
      "VCC_f22_nb_added_assignement",
      "VCC_f23_nb_removed_assignement",
      "VCC_f24_diff_assignement",
      "VCC_f25_sum_assignement",
      "VCC_f26_nb_added_function",
      "VCC_f27_nb_removed_function",
      "VCC_f28_diff_function",
      "VCC_f29_sum_function",
      "VCC_w1",
      "VCC_w2",
      "VCC_w3",
      "VCC_w4",
      "VCC_w5",
      "VCC_w6",
      "VCC_w7",
      "VCC_w8",
      "VCC_w9",
      "VCC_w10",
      "project_total_function_percent",
      "project_total_line_percent",
      "project_total_region_percent",
      "project_total_branch_percent",
      "project_total_instantiation_percent",
      "patch_coverage_recalculated",
      "project_total_function_percent_delta",
      "project_total_line_percent_delta",
      "project_total_region_percent_delta",
      "project_total_branch_percent_delta",
      "project_total_instantiation_percent_delta",
      "patch_coverage_recalculated_delta"
    ],
    "feature_signature": "1d2d87d6d251cdfd62040c2e3590be6aee34ce239b8ea23ea6fec136e80fbef9"
  },
  "settings": {
    "random_state": 42,
    "use_hyperparam_optimization": false,
    "walkforward_splits": 10,
    "use_recent_training": false
  },
  "metrics": {
    "evaluation_mode": "leave_one_project_out",
    "lopo_overall": {
      "mae": 18.161386838732827,
      "rmse": 114.60101449850305,
      "mape": 4.921663444236037,
      "count": 5123.0
    },
    "lopo_project_metrics": {
      "arrow": {
        "mae": 17.778162258085715,
        "rmse": 38.394568683279644,
        "mape": 2.162690772505069,
        "count": 249.0
      },
      "c-blosc2": {
        "mae": 23.950965675061347,
        "rmse": 84.56076760752363,
        "mape": 6.656808244451626,
        "count": 89.0
      },
      "clamav": {
        "mae": 15.127474813536706,
        "rmse": 41.54990570304333,
        "mape": 0.9801640330166692,
        "count": 59.0
      },
      "curl": {
        "mae": 6.454623019118354,
        "rmse": 11.499836530431091,
        "mape": 0.9624971319294618,
        "count": 605.0
      },
      "file": {
        "mae": 27.39810045391218,
        "rmse": 110.4360496149607,
        "mape": 3.0885742328484476,
        "count": 83.0
      },
      "fluent-bit": {
        "mae": 23.355040470530028,
        "rmse": 168.5920783619742,
        "mape": 1.1559964199345458,
        "count": 347.0
      },
      "harfbuzz": {
        "mae": 11.205129020647863,
        "rmse": 19.479059261547945,
        "mape": 4.422630466027486,
        "count": 324.0
      },