{
    "mcc": 0.04573323706034223,
    "auc_roc": 0.6119245337995337,
    "accuracy": 0.7216237314597971,
    "classification_report_dict": {
        "class_1": {
            "accuracy": 0.7216237314597971,
            "precision": 0.0372177204860477,
            "recall": 0.4000000000000001,
            "f1-score": 0.06782428075706735,
            "roc_auc": 0.6119245337995337,
            "pr_auc": 0.04342145401075968,
            "mcc": 0.04573323706034223
        }
    }
}