{
    "mcc": 0.10216677106898052,
    "auc_roc": 0.6709717365967366,
    "accuracy": 0.7834504293520687,
    "classification_report_dict": {
        "class_1": {
            "accuracy": 0.7834504293520687,
            "precision": 0.05758369511615051,
            "recall": 0.46969696969696967,
            "f1-score": 0.10187545730119484,
            "roc_auc": 0.6709717365967366,
            "pr_auc": 0.07317690611184577,
            "mcc": 0.10216677106898052
        }
    }
}