{
    "mcc": 0.05373371868771259,
    "auc_roc": 0.6512601981351981,
    "accuracy": 0.6908665105386417,
    "classification_report_dict": {
        "class_1": {
            "accuracy": 0.6908665105386417,
            "precision": 0.038819234413116535,
            "recall": 0.45757575757575747,
            "f1-score": 0.07138835529054167,
            "roc_auc": 0.6512601981351981,
            "pr_auc": 0.07142011776825795,
            "mcc": 0.05373371868771259
        }
    }
}