{
    "mcc": 0.09358913828956167,
    "auc_roc": 0.7000218531468531,
    "accuracy": 0.7761904761904763,
    "classification_report_dict": {
        "class_1": {
            "accuracy": 0.7761904761904763,
            "precision": 0.05370219138684252,
            "recall": 0.4606060606060606,
            "f1-score": 0.09565680033865948,
            "roc_auc": 0.7000218531468531,
            "pr_auc": 0.10383902292212378,
            "mcc": 0.09358913828956167
        }
    }
}