{
    "mcc": 0.09324313367083291,
    "auc_roc": 0.7061516608391608,
    "accuracy": 0.6832943013270882,
    "classification_report_dict": {
        "class_1": {
            "accuracy": 0.6832943013270882,
            "precision": 0.04795307657992312,
            "recall": 0.5848484848484848,
            "f1-score": 0.08814635738589094,
            "roc_auc": 0.7061516608391608,
            "pr_auc": 0.0568355388378566,
            "mcc": 0.09324313367083291
        }
    }
}