{
    "mcc": 0.07207191953134998,
    "auc_roc": 0.6359879136839922,
    "accuracy": 0.5322316650928549,
    "classification_report_dict": {
        "class_1": {
            "accuracy": 0.5322316650928549,
            "precision": 0.06473227692410231,
            "recall": 0.6385620915032679,
            "f1-score": 0.11716902776753071,
            "roc_auc": 0.6359879136839922,
            "pr_auc": 0.09637066938751411,
            "mcc": 0.07207191953134998
        }
    }
}