{
    "mcc": 0.12943374277605948,
    "auc_roc": 0.7064892623716154,
    "accuracy": 0.6011646207113629,
    "classification_report_dict": {
        "class_1": {
            "accuracy": 0.6011646207113629,
            "precision": 0.08253101228967381,
            "recall": 0.6915032679738563,
            "f1-score": 0.14564658738181963,
            "roc_auc": 0.7064892623716154,
            "pr_auc": 0.1081493308939309,
            "mcc": 0.12943374277605948
        }
    }
}