{
    "mcc": 0.11775733365044264,
    "auc_roc": 0.6909657381471109,
    "accuracy": 0.6170601196096946,
    "classification_report_dict": {
        "class_1": {
            "accuracy": 0.6170601196096946,
            "precision": 0.07921860260991984,
            "recall": 0.6535947712418303,
            "f1-score": 0.14123776551182315,
            "roc_auc": 0.6909657381471109,
            "pr_auc": 0.10712865317729116,
            "mcc": 0.11775733365044264
        }
    }
}