{
    "mcc": 0.1727573639305395,
    "auc_roc": 0.7657893713040772,
    "accuracy": 0.6370160528800756,
    "classification_report_dict": {
        "class_1": {
            "accuracy": 0.6370160528800756,
            "precision": 0.0953136801855373,
            "recall": 0.7594771241830067,
            "f1-score": 0.1689988792783244,
            "roc_auc": 0.7657893713040772,
            "pr_auc": 0.14251477448052957,
            "mcc": 0.1727573639305395
        }
    }
}