{
    "mcc": 0.09745878725765253,
    "auc_roc": 0.6413116635543105,
    "accuracy": 0.5268177525967894,
    "classification_report_dict": {
        "class_1": {
            "accuracy": 0.5268177525967894,
            "precision": 0.06954723234378488,
            "recall": 0.7052287581699347,
            "f1-score": 0.12579053749498476,
            "roc_auc": 0.6413116635543105,
            "pr_auc": 0.10776151984619671,
            "mcc": 0.09745878725765253
        }
    }
}