{
    "mcc": 0.07929925287265734,
    "auc_roc": 0.6853399339933992,
    "accuracy": 0.6108090614886732,
    "classification_report_dict": {
        "class_1": {
            "accuracy": 0.6108090614886732,
            "precision": 0.032964513638496194,
            "recall": 0.6699999999999999,
            "f1-score": 0.06277567881702163,
            "roc_auc": 0.6853399339933992,
            "pr_auc": 0.044066515943203884,
            "mcc": 0.07929925287265734
        }
    }
}