{
    "mcc": 0.0786809973221672,
    "auc_roc": 0.6960396039603958,
    "accuracy": 0.7849838187702265,
    "classification_report_dict": {
        "class_1": {
            "accuracy": 0.7849838187702265,
            "precision": 0.04063274527820808,
            "recall": 0.44000000000000006,
            "f1-score": 0.0741242821334933,
            "roc_auc": 0.6960396039603958,
            "pr_auc": 0.04926089662981834,
            "mcc": 0.0786809973221672
        }
    }
}