{
    "mcc": 0.041010333199995336,
    "auc_roc": 0.5952277227722772,
    "accuracy": 0.6460194174757283,
    "classification_report_dict": {
        "class_1": {
            "accuracy": 0.6460194174757283,
            "precision": 0.026912677837598098,
            "recall": 0.49333333333333335,
            "f1-score": 0.050984299417810665,
            "roc_auc": 0.5952277227722772,
            "pr_auc": 0.043281841107189904,
            "mcc": 0.041010333199995336
        }
    }
}