{
    "mcc": 0.0777973617167171,
    "auc_roc": 0.6099405940594059,
    "accuracy": 0.7932038834951457,
    "classification_report_dict": {
        "class_1": {
            "accuracy": 0.7932038834951457,
            "precision": 0.0412573793619483,
            "recall": 0.4233333333333334,
            "f1-score": 0.07492664286659596,
            "roc_auc": 0.6099405940594059,
            "pr_auc": 0.0413111426690606,
            "mcc": 0.0777973617167171
        }
    }
}