{
    "mcc": 0.04871778134859946,
    "auc_roc": 0.63386798679868,
    "accuracy": 0.7467961165048543,
    "classification_report_dict": {
        "class_1": {
            "accuracy": 0.7467961165048543,
            "precision": 0.030941158006661734,
            "recall": 0.4,
            "f1-score": 0.0573150245978927,
            "roc_auc": 0.63386798679868,
            "pr_auc": 0.03320072427043868,
            "mcc": 0.04871778134859946
        }
    }
}