{
    "mcc": 0.04749622663660694,
    "auc_roc": 0.5920096071121308,
    "accuracy": 0.7562438544739429,
    "classification_report_dict": {
        "class_1": {
            "accuracy": 0.7562438544739429,
            "precision": 0.08754873360685207,
            "recall": 0.2901515151515151,
            "f1-score": 0.13324568804957038,
            "roc_auc": 0.5920096071121308,
            "pr_auc": 0.09496361350304967,
            "mcc": 0.04749622663660694
        }
    }
}