{
    "mcc": 0.13931787267977616,
    "auc_roc": 0.7102278701844946,
    "accuracy": 0.45722713864306797,
    "classification_report_dict": {
        "class_1": {
            "accuracy": 0.45722713864306797,
            "precision": 0.09408582355113143,
            "recall": 0.8446969696969695,
            "f1-score": 0.16900047792663314,
            "roc_auc": 0.7102278701844946,
            "pr_auc": 0.17812568136071344,
            "mcc": 0.13931787267977616
        }
    }
}