{
    "mcc": 0.10370910911243687,
    "auc_roc": 0.6388383041774209,
    "accuracy": 0.8097836774827927,
    "classification_report_dict": {
        "class_1": {
            "accuracy": 0.8097836774827927,
            "precision": 0.1228508903649889,
            "recall": 0.31136363636363634,
            "f1-score": 0.17535963039711008,
            "roc_auc": 0.6388383041774209,
            "pr_auc": 0.11719471434592896,
            "mcc": 0.10370910911243687
        }
    }
}