{
    "mcc": 0.16977988789113974,
    "auc_roc": 0.7375818516394227,
    "accuracy": 0.6611602753195672,
    "classification_report_dict": {
        "class_1": {
            "accuracy": 0.6611602753195672,
            "precision": 0.12214961376134406,
            "recall": 0.6651515151515153,
            "f1-score": 0.20524438542022852,
            "roc_auc": 0.7375818516394227,
            "pr_auc": 0.19079275414057933,
            "mcc": 0.16977988789113974
        }
    }
}