{
    "mcc": 0.11192481577658768,
    "auc_roc": 0.6707096596883664,
    "accuracy": 0.3792035398230088,
    "classification_report_dict": {
        "class_1": {
            "accuracy": 0.3792035398230088,
            "precision": 0.08539576248707821,
            "recall": 0.8643939393939395,
            "f1-score": 0.15498318232894553,
            "roc_auc": 0.6707096596883664,
            "pr_auc": 0.1397949429397107,
            "mcc": 0.11192481577658768
        }
    }
}