{
    "mcc": 0.009091588181685512,
    "auc_roc": 0.5053622067543182,
    "accuracy": 0.9587819054839525,
    "classification_report_dict": {
        "class_1": {
            "accuracy": 0.9587819054839525,
            "precision": 0.027192898571044236,
            "recall": 0.03333333333333333,
            "f1-score": 0.02980170866224509,
            "roc_auc": 0.5053622067543182,
            "pr_auc": 0.020912439562452582,
            "mcc": 0.009091588181685512
        }
    }
}