{
    "mcc": 0.0181990202836687,
    "auc_roc": 0.5643853181599616,
    "accuracy": 0.4928741800834823,
    "classification_report_dict": {
        "class_1": {
            "accuracy": 0.4928741800834823,
            "precision": 0.017341013245484246,
            "recall": 0.5823529411764706,
            "f1-score": 0.03366917674297198,
            "roc_auc": 0.5643853181599616,
            "pr_auc": 0.021892700605107267,
            "mcc": 0.0181990202836687
        }
    }
}