{
    "mcc": 0.054308054943881426,
    "auc_roc": 0.6892646613595483,
    "accuracy": 0.37063208109719736,
    "classification_report_dict": {
        "class_1": {
            "accuracy": 0.37063208109719736,
            "precision": 0.020288435968175148,
            "recall": 0.8490196078431373,
            "f1-score": 0.03962189940180334,
            "roc_auc": 0.6892646613595483,
            "pr_auc": 0.037071266622513886,
            "mcc": 0.054308054943881426
        }
    }
}