{
    "mcc": 0.039602516950363445,
    "auc_roc": 0.6110185036775836,
    "accuracy": 0.5970781156827669,
    "classification_report_dict": {
        "class_1": {
            "accuracy": 0.5970781156827669,
            "precision": 0.02104727863437307,
            "recall": 0.5607843137254901,
            "f1-score": 0.04054552953991173,
            "roc_auc": 0.6110185036775836,
            "pr_auc": 0.024348314100058152,
            "mcc": 0.039602516950363445
        }
    }
}