{
    "mcc": 0.06677044551581773,
    "auc_roc": 0.7041584299478193,
    "accuracy": 0.44675014907573046,
    "classification_report_dict": {
        "class_1": {
            "accuracy": 0.44675014907573046,
            "precision": 0.022552481701765728,
            "recall": 0.827450980392157,
            "f1-score": 0.04389043800025971,
            "roc_auc": 0.7041584299478193,
            "pr_auc": 0.03884565484301687,
            "mcc": 0.06677044551581773
        }
    }
}