{
    "mcc": 0.05476433111400173,
    "auc_roc": 0.679019964025574,
    "accuracy": 0.3274597495527728,
    "classification_report_dict": {
        "class_1": {
            "accuracy": 0.3274597495527728,
            "precision": 0.01984444823266756,
            "recall": 0.8882352941176471,
            "f1-score": 0.03881349222516554,
            "roc_auc": 0.679019964025574,
            "pr_auc": 0.03900611781534409,
            "mcc": 0.05476433111400173
        }
    }
}