{
    "mcc": 0.0864573451395119,
    "auc_roc": 0.6155120995228355,
    "accuracy": 0.7316666666666668,
    "classification_report_dict": {
        "class_1": {
            "accuracy": 0.7316666666666668,
            "precision": 0.10546789809195278,
            "recall": 0.39305555555555555,
            "f1-score": 0.16391462305691168,
            "roc_auc": 0.6155120995228355,
            "pr_auc": 0.10526405699824193,
            "mcc": 0.0864573451395119
        }
    }
}