{
    "mcc": 0.17809789250198416,
    "auc_roc": 0.7335058793456034,
    "accuracy": 0.7384285714285712,
    "classification_report_dict": {
        "class_1": {
            "accuracy": 0.7384285714285712,
            "precision": 0.1463099150985296,
            "recall": 0.5527777777777778,
            "f1-score": 0.22776807776708916,
            "roc_auc": 0.7335058793456034,
            "pr_auc": 0.17941427947229102,
            "mcc": 0.17809789250198416
        }
    }
}