{
    "mcc": 0.06124940131427727,
    "auc_roc": 0.5910787321063395,
    "accuracy": 0.5690476190476191,
    "classification_report_dict": {
        "class_1": {
            "accuracy": 0.5690476190476191,
            "precision": 0.08608805157524564,
            "recall": 0.5493055555555556,
            "f1-score": 0.14864305622431642,
            "roc_auc": 0.5910787321063395,
            "pr_auc": 0.10206201063921207,
            "mcc": 0.06124940131427727
        }
    }
}