{
    "mcc": 0.1785335413004807,
    "auc_roc": 0.7211113241308794,
    "accuracy": 0.6685714285714286,
    "classification_report_dict": {
        "class_1": {
            "accuracy": 0.6685714285714286,
            "precision": 0.13034754047382552,
            "recall": 0.6666666666666667,
            "f1-score": 0.21745026555067862,
            "roc_auc": 0.7211113241308794,
            "pr_auc": 0.15642982024892246,
            "mcc": 0.1785335413004807
        }
    }
}