{
    "mcc": 0.15045234062784257,
    "auc_roc": 0.7079786554192231,
    "accuracy": 0.6452380952380953,
    "classification_report_dict": {
        "class_1": {
            "accuracy": 0.6452380952380953,
            "precision": 0.11885627523690635,
            "recall": 0.638888888888889,
            "f1-score": 0.19954744651922623,
            "roc_auc": 0.7079786554192231,
            "pr_auc": 0.16715801878601935,
            "mcc": 0.15045234062784257
        }
    }
}