{
    "mcc": 0.01693712816453575,
    "auc_roc": 0.5325179856115108,
    "accuracy": 0.3633571428571429,
    "classification_report_dict": {
        "class_1": {
            "accuracy": 0.3633571428571429,
            "precision": 0.007978164303719155,
            "recall": 0.73,
            "f1-score": 0.015781409296595817,
            "roc_auc": 0.5325179856115108,
            "pr_auc": 0.012971959039214241,
            "mcc": 0.01693712816453575
        }
    }
}