{
    "mcc": 0.0809471400081045,
    "auc_roc": 0.7724904076738609,
    "accuracy": 0.7658333333333334,
    "classification_report_dict": {
        "class_1": {
            "accuracy": 0.7658333333333334,
            "precision": 0.019898897325497603,
            "recall": 0.6333333333333333,
            "f1-score": 0.038482081640492966,
            "roc_auc": 0.7724904076738609,
            "pr_auc": 0.0951210468371891,
            "mcc": 0.0809471400081045
        }
    }
}