{
    "mcc": 0.025449049423053153,
    "auc_roc": 0.5917242206235012,
    "accuracy": 0.24690476190476193,
    "classification_report_dict": {
        "class_1": {
            "accuracy": 0.24690476190476193,
            "precision": 0.008349295259643893,
            "recall": 0.8866666666666665,
            "f1-score": 0.016542684080533877,
            "roc_auc": 0.5917242206235012,
            "pr_auc": 0.013653317882843685,
            "mcc": 0.025449049423053153
        }
    }
}