{
    "mcc": 0.06547991482393703,
    "auc_roc": 0.7746199040767385,
    "accuracy": 0.5160952380952382,
    "classification_report_dict": {
        "class_1": {
            "accuracy": 0.5160952380952382,
            "precision": 0.012839772685415009,
            "recall": 0.8733333333333332,
            "f1-score": 0.025303906352955995,
            "roc_auc": 0.7746199040767385,
            "pr_auc": 0.04810620908831821,
            "mcc": 0.06547991482393703
        }
    }
}