{
    "mcc": 0.07299088627374667,
    "auc_roc": 0.7507182254196642,
    "accuracy": 0.8046904761904763,
    "classification_report_dict": {
        "class_1": {
            "accuracy": 0.8046904761904763,
            "precision": 0.01989887980807649,
            "recall": 0.5333333333333333,
            "f1-score": 0.038305151085432726,
            "roc_auc": 0.7507182254196642,
            "pr_auc": 0.03735111746419181,
            "mcc": 0.07299088627374667
        }
    }
}