{
    "mcc": -0.003906824087257116,
    "auc_roc": 0.4974063670411986,
    "accuracy": 0.9637667746413697,
    "classification_report_dict": {
        "class_1": {
            "accuracy": 0.9637667746413697,
            "precision": 0.0086966470099461,
            "recall": 0.020000000000000004,
            "f1-score": 0.012097089434294876,
            "roc_auc": 0.4974063670411986,
            "pr_auc": 0.011771209014707839,
            "mcc": -0.003906824087257116
        }
    }
}