{
    "mcc": 0.00496018443267832,
    "auc_roc": 0.504736211031175,
    "accuracy": 0.9694047619047618,
    "classification_report_dict": {
        "class_1": {
            "accuracy": 0.9694047619047618,
            "precision": 0.00965920559860722,
            "recall": 0.03333333333333333,
            "f1-score": 0.014942208199635647,
            "roc_auc": 0.504736211031175,
            "pr_auc": 0.008029412623352784,
            "mcc": 0.00496018443267832
        }
    }
}