{
    "mcc": 0.034957643694943925,
    "auc_roc": 0.6096153846153847,
    "accuracy": 0.7277907884465262,
    "classification_report_dict": {
        "class_1": {
            "accuracy": 0.7277907884465262,
            "precision": 0.03480371460044791,
            "recall": 0.36060606060606065,
            "f1-score": 0.06324448374227595,
            "roc_auc": 0.6096153846153847,
            "pr_auc": 0.0421109381494044,
            "mcc": 0.034957643694943925
        }
    }
}