{
    "mcc": 0.09733202625215936,
    "auc_roc": 0.6913243006993007,
    "accuracy": 0.842232630757221,
    "classification_report_dict": {
        "class_1": {
            "accuracy": 0.842232630757221,
            "precision": 0.06308499193654823,
            "recall": 0.36363636363636365,
            "f1-score": 0.10650031520383717,
            "roc_auc": 0.6913243006993007,
            "pr_auc": 0.07028230150448132,
            "mcc": 0.09733202625215936
        }
    }
}