{
    "mcc": 0.07785211828873805,
    "auc_roc": 0.6800772144522145,
    "accuracy": 0.705152224824356,
    "classification_report_dict": {
        "class_1": {
            "accuracy": 0.705152224824356,
            "precision": 0.04510703461444953,
            "recall": 0.5121212121212121,
            "f1-score": 0.08272795149784434,
            "roc_auc": 0.6800772144522145,
            "pr_auc": 0.06472784796833343,
            "mcc": 0.07785211828873805
        }
    }
}