{
    "mcc": 0.06497698454238864,
    "auc_roc": 0.705871212121212,
    "accuracy": 0.8501951600312254,
    "classification_report_dict": {
        "class_1": {
            "accuracy": 0.8501951600312254,
            "precision": 0.05259613315940423,
            "recall": 0.27272727272727265,
            "f1-score": 0.08751336358449699,
            "roc_auc": 0.705871212121212,
            "pr_auc": 0.07633901241821325,
            "mcc": 0.06497698454238864
        }
    }
}