{
    "mcc": 0.09526053976723156,
    "auc_roc": 0.7135890151515153,
    "accuracy": 0.7314597970335676,
    "classification_report_dict": {
        "class_1": {
            "accuracy": 0.7314597970335676,
            "precision": 0.05106158143996165,
            "recall": 0.5272727272727273,
            "f1-score": 0.09255871016201146,
            "roc_auc": 0.7135890151515153,
            "pr_auc": 0.05598271301613503,
            "mcc": 0.09526053976723156
        }
    }
}