{
    "mcc": 0.04965392006576698,
    "auc_roc": 0.5975811605316973,
    "accuracy": 0.7476190476190474,
    "classification_report_dict": {
        "class_1": {
            "accuracy": 0.7476190476190474,
            "precision": 0.09094876413689476,
            "recall": 0.3034722222222222,
            "f1-score": 0.13784284300892446,
            "roc_auc": 0.5975811605316973,
            "pr_auc": 0.09633601061604352,
            "mcc": 0.04965392006576698
        }
    }
}