{
    "mcc": 0.19149915874854637,
    "auc_roc": 0.7493588104976141,
    "accuracy": 0.778952380952381,
    "classification_report_dict": {
        "class_1": {
            "accuracy": 0.778952380952381,
            "precision": 0.16270974670997645,
            "recall": 0.5104166666666666,
            "f1-score": 0.2430721392380539,
            "roc_auc": 0.7493588104976141,
            "pr_auc": 0.20339315336426492,
            "mcc": 0.19149915874854637
        }
    }
}