{
    "mcc": 0.07447923799909925,
    "auc_roc": 0.608791858384458,
    "accuracy": 0.5531904761904762,
    "classification_report_dict": {
        "class_1": {
            "accuracy": 0.5531904761904762,
            "precision": 0.08893717772675896,
            "recall": 0.5965277777777778,
            "f1-score": 0.15468743859334375,
            "roc_auc": 0.608791858384458,
            "pr_auc": 0.10343117311183116,
            "mcc": 0.07447923799909925
        }
    }
}