{
    "mcc": 0.19163498019353783,
    "auc_roc": 0.7331187159168373,
    "accuracy": 0.6828571428571428,
    "classification_report_dict": {
        "class_1": {
            "accuracy": 0.6828571428571428,
            "precision": 0.13619622886433966,
            "recall": 0.6749999999999999,
            "f1-score": 0.22635409052581235,
            "roc_auc": 0.7331187159168373,
            "pr_auc": 0.16802764783612786,
            "mcc": 0.19163498019353783
        }
    }
}