{
    "mcc": 0.16715296888378145,
    "auc_roc": 0.7257450366394002,
    "accuracy": 0.6619523809523808,
    "classification_report_dict": {
        "class_1": {
            "accuracy": 0.6619523809523808,
            "precision": 0.12644346569709813,
            "recall": 0.6493055555555554,
            "f1-score": 0.21021318826734733,
            "roc_auc": 0.7257450366394002,
            "pr_auc": 0.18771329449764537,
            "mcc": 0.16715296888378145
        }
    }
}