{
    "mcc": 0.12127330768945592,
    "auc_roc": 0.6478100775193798,
    "accuracy": 0.632967032967033,
    "classification_report_dict": {
        "class_1": {
            "accuracy": 0.632967032967033,
            "precision": 0.09064453009609305,
            "recall": 0.6233333333333332,
            "f1-score": 0.15802266812403828,
            "roc_auc": 0.6478100775193798,
            "pr_auc": 0.1278697666188706,
            "mcc": 0.12127330768945592
        }
    }
}