{
    "mcc": 0.18720592869551614,
    "auc_roc": 0.7185658914728683,
    "accuracy": 0.7901098901098903,
    "classification_report_dict": {
        "class_1": {
            "accuracy": 0.7901098901098903,
            "precision": 0.1375474559550022,
            "recall": 0.5299999999999999,
            "f1-score": 0.21761745207521024,
            "roc_auc": 0.7185658914728683,
            "pr_auc": 0.22910995319655,
            "mcc": 0.18720592869551614
        }
    }
}