{
    "mcc": 0.12009277866560429,
    "auc_roc": 0.6609496124031009,
    "accuracy": 0.5717948717948719,
    "classification_report_dict": {
        "class_1": {
            "accuracy": 0.5717948717948719,
            "precision": 0.08536730051975992,
            "recall": 0.6966666666666669,
            "f1-score": 0.15196220963288437,
            "roc_auc": 0.6609496124031009,
            "pr_auc": 0.13289754852548671,
            "mcc": 0.12009277866560429
        }
    }
}