{
    "mcc": 0.17770766349765937,
    "auc_roc": 0.7551550387596898,
    "accuracy": 0.7344322344322344,
    "classification_report_dict": {
        "class_1": {
            "accuracy": 0.7344322344322344,
            "precision": 0.12051673070400645,
            "recall": 0.6066666666666668,
            "f1-score": 0.20074194766798203,
            "roc_auc": 0.7551550387596898,
            "pr_auc": 0.2624198481438361,
            "mcc": 0.17770766349765937
        }
    }
}