{
    "mcc": 0.2146495172630611,
    "auc_roc": 0.7544186046511627,
    "accuracy": 0.7761904761904763,
    "classification_report_dict": {
        "class_1": {
            "accuracy": 0.7761904761904763,
            "precision": 0.14488080958883867,
            "recall": 0.6099999999999999,
            "f1-score": 0.23277379995460554,
            "roc_auc": 0.7544186046511627,
            "pr_auc": 0.23132402114747738,
            "mcc": 0.2146495172630611
        }
    }
}