{
    "mcc": 0.04251833169876741,
    "auc_roc": 0.5639392744479494,
    "accuracy": 0.7863323500491642,
    "classification_report_dict": {
        "class_1": {
            "accuracy": 0.7863323500491642,
            "precision": 0.08840802761872316,
            "recall": 0.24015151515151517,
            "f1-score": 0.1279185256733322,
            "roc_auc": 0.5639392744479494,
            "pr_auc": 0.08570447927893783,
            "mcc": 0.04251833169876741
        }
    }
}