{
    "mcc": 0.1310976658319009,
    "auc_roc": 0.685876708727655,
    "accuracy": 0.4752212389380531,
    "classification_report_dict": {
        "class_1": {
            "accuracy": 0.4752212389380531,
            "precision": 0.09356349232458774,
            "recall": 0.8068181818181818,
            "f1-score": 0.16722414335293448,
            "roc_auc": 0.685876708727655,
            "pr_auc": 0.14474261259520435,
            "mcc": 0.1310976658319009
        }
    }
}