{
    "mcc": 0.10802168621057842,
    "auc_roc": 0.5978903785488957,
    "accuracy": 0.8056538839724682,
    "classification_report_dict": {
        "class_1": {
            "accuracy": 0.8056538839724682,
            "precision": 0.12511393797678994,
            "recall": 0.3234848484848485,
            "f1-score": 0.1791662418050831,
            "roc_auc": 0.5978903785488957,
            "pr_auc": 0.11646142184924167,
            "mcc": 0.10802168621057842
        }
    }
}