{
    "mcc": 0.1580867426563294,
    "auc_roc": 0.7258424146831087,
    "accuracy": 0.586086529006883,
    "classification_report_dict": {
        "class_1": {
            "accuracy": 0.586086529006883,
            "precision": 0.11008275310174996,
            "recall": 0.7356060606060606,
            "f1-score": 0.19006808207966053,
            "roc_auc": 0.7258424146831087,
            "pr_auc": 0.17933819452913757,
            "mcc": 0.1580867426563294
        }
    }
}