{
    "mcc": 0.11378770671737744,
    "auc_roc": 0.6718418411241754,
    "accuracy": 0.3645526057030482,
    "classification_report_dict": {
        "class_1": {
            "accuracy": 0.3645526057030482,
            "precision": 0.0846288162820619,
            "recall": 0.8818181818181821,
            "f1-score": 0.15410742326382781,
            "roc_auc": 0.6718418411241754,
            "pr_auc": 0.13050899913380645,
            "mcc": 0.11378770671737744
        }
    }
}