{
    "mcc": 0.014766768096098587,
    "auc_roc": 0.555100783062645,
    "accuracy": 0.7322012578616353,
    "classification_report_dict": {
        "class_1": {
            "accuracy": 0.7322012578616353,
            "precision": 0.02822872553416348,
            "recall": 0.29791666666666666,
            "f1-score": 0.05131440943970148,
            "roc_auc": 0.555100783062645,
            "pr_auc": 0.03149502300507832,
            "mcc": 0.014766768096098587
        }
    }
}