{
    "mcc": 0.06279596753339863,
    "auc_roc": 0.5867797757153905,
    "accuracy": 0.8013333333333335,
    "classification_report_dict": {
        "class_1": {
            "accuracy": 0.8013333333333335,
            "precision": 0.04496129517597623,
            "recall": 0.34479166666666666,
            "f1-score": 0.07880508774606584,
            "roc_auc": 0.5867797757153905,
            "pr_auc": 0.04703671740812368,
            "mcc": 0.06279596753339863
        }
    }
}