{
    "mcc": 0.05709012733341601,
    "auc_roc": 0.6358400199793761,
    "accuracy": 0.7293836477987422,
    "classification_report_dict": {
        "class_1": {
            "accuracy": 0.7293836477987422,
            "precision": 0.038776885826960705,
            "recall": 0.4270833333333333,
            "f1-score": 0.07101197592598148,
            "roc_auc": 0.6358400199793761,
            "pr_auc": 0.06238270842952613,
            "mcc": 0.05709012733341601
        }
    }
}