{
    "mcc": 0.08339000708696821,
    "auc_roc": 0.6358637857695281,
    "accuracy": 0.8278742138364781,
    "classification_report_dict": {
        "class_1": {
            "accuracy": 0.8278742138364781,
            "precision": 0.053270962348176125,
            "recall": 0.3614583333333333,
            "f1-score": 0.09245788236201245,
            "roc_auc": 0.6358637857695281,
            "pr_auc": 0.08517557235461155,
            "mcc": 0.08339000708696821
        }
    }
}