{
    "mcc": 0.03919781686290639,
    "auc_roc": 0.5615968999742201,
    "accuracy": 0.7279496855345912,
    "classification_report_dict": {
        "class_1": {
            "accuracy": 0.7279496855345912,
            "precision": 0.03437522864051987,
            "recall": 0.375,
            "f1-score": 0.06274493465980645,
            "roc_auc": 0.5615968999742201,
            "pr_auc": 0.04666956585479531,
            "mcc": 0.03919781686290639
        }
    }
}