{
    "mcc": 0.049584660770378715,
    "auc_roc": 0.647864239395562,
    "accuracy": 0.15804902704068738,
    "classification_report_dict": {
        "class_1": {
            "accuracy": 0.15804902704068738,
            "precision": 0.02250279600536906,
            "recall": 0.982051282051282,
            "f1-score": 0.04399646580281677,
            "roc_auc": 0.647864239395562,
            "pr_auc": 0.03679535696544138,
            "mcc": 0.049584660770378715
        }
    }
}