{
    "mcc": 0.050398558520765406,
    "auc_roc": 0.6239147678822852,
    "accuracy": 0.4262825372757139,
    "classification_report_dict": {
        "class_1": {
            "accuracy": 0.4262825372757139,
            "precision": 0.025595994218011595,
            "recall": 0.7564102564102565,
            "f1-score": 0.04948738766712072,
            "roc_auc": 0.6239147678822852,
            "pr_auc": 0.03699185789651458,
            "mcc": 0.050398558520765406
        }
    }
}