{
    "mcc": 0.054052338617709056,
    "auc_roc": 0.6397069030479703,
    "accuracy": 0.23386403841293907,
    "classification_report_dict": {
        "class_1": {
            "accuracy": 0.23386403841293907,
            "precision": 0.023672439490232268,
            "recall": 0.9384615384615383,
            "f1-score": 0.046172781342269056,
            "roc_auc": 0.6397069030479703,
            "pr_auc": 0.034068711433765775,
            "mcc": 0.054052338617709056
        }
    }
}