{
    "mcc": 0.05697402499363776,
    "auc_roc": 0.6358686814603288,
    "accuracy": 0.38074298711144816,
    "classification_report_dict": {
        "class_1": {
            "accuracy": 0.38074298711144816,
            "precision": 0.02559986460826377,
            "recall": 0.8205128205128206,
            "f1-score": 0.04961255731277581,
            "roc_auc": 0.6358686814603288,
            "pr_auc": 0.037684877831137026,
            "mcc": 0.05697402499363776
        }
    }
}