{
    "mcc": -0.003263563237726337,
    "auc_roc": 0.5347611398655482,
    "accuracy": 0.4266363406621177,
    "classification_report_dict": {
        "class_1": {
            "accuracy": 0.4266363406621177,
            "precision": 0.019537070939037778,
            "recall": 0.5653846153846155,
            "f1-score": 0.03774218126346905,
            "roc_auc": 0.5347611398655482,
            "pr_auc": 0.03793911677744816,
            "mcc": -0.003263563237726337
        }
    }
}