{
    "mcc": -0.004858073620995879,
    "auc_roc": 0.5218617973505191,
    "accuracy": 0.6981060606060606,
    "classification_report_dict": {
        "class_1": {
            "accuracy": 0.6981060606060606,
            "precision": 0.06780394813570813,
            "recall": 0.2631578947368421,
            "f1-score": 0.10625393558000652,
            "roc_auc": 0.5218617973505191,
            "pr_auc": 0.08207825078441865,
            "mcc": -0.004858073620995879
        }
    }
}