{
    "mcc": 0.17768721502787962,
    "auc_roc": 0.7230934479054779,
    "accuracy": 0.6237373737373738,
    "classification_report_dict": {
        "class_1": {
            "accuracy": 0.6237373737373738,
            "precision": 0.12964348799871256,
            "recall": 0.7140350877192982,
            "f1-score": 0.217872143630452,
            "roc_auc": 0.7230934479054779,
            "pr_auc": 0.20487653649286447,
            "mcc": 0.17768721502787962
        }
    }
}