{
    "mcc": 0.10203396330242077,
    "auc_roc": 0.6391478696741856,
    "accuracy": 0.6808080808080809,
    "classification_report_dict": {
        "class_1": {
            "accuracy": 0.6808080808080809,
            "precision": 0.1106830713237202,
            "recall": 0.48771929824561405,
            "f1-score": 0.18011974897256894,
            "roc_auc": 0.6391478696741856,
            "pr_auc": 0.1161904398579711,
            "mcc": 0.10203396330242077
        }
    }
}