{
    "mcc": 0.19497803742342956,
    "auc_roc": 0.7418546365914788,
    "accuracy": 0.6349747474747474,
    "classification_report_dict": {
        "class_1": {
            "accuracy": 0.6349747474747474,
            "precision": 0.13570979825910123,
            "recall": 0.7368421052631581,
            "f1-score": 0.2280130827187141,
            "roc_auc": 0.7418546365914788,
            "pr_auc": 0.22224439339914032,
            "mcc": 0.19497803742342956
        }
    }
}