{
    "mcc": 0.12555577617237454,
    "auc_roc": 0.7179556032939491,
    "accuracy": 0.4315656565656566,
    "classification_report_dict": {
        "class_1": {
            "accuracy": 0.4315656565656566,
            "precision": 0.09916072460634343,
            "recall": 0.8333333333333333,
            "f1-score": 0.17677636574420708,
            "roc_auc": 0.7179556032939491,
            "pr_auc": 0.2572878804131097,
            "mcc": 0.12555577617237454
        }
    }
}