{
    "mcc": -0.0016017935080782943,
    "auc_roc": 0.49921532611497804,
    "accuracy": 0.9544905660377357,
    "classification_report_dict": {
        "class_1": {
            "accuracy": 0.9544905660377357,
            "precision": 0.02252220240879727,
            "recall": 0.020833333333333332,
            "f1-score": 0.021557611083318686,
            "roc_auc": 0.49921532611497804,
            "pr_auc": 0.02462757086060795,
            "mcc": -0.0016017935080782943
        }
    }
}