{
    "mcc": 0.05963875970096692,
    "auc_roc": 0.7222151231187376,
    "accuracy": 0.56015503875969,
    "classification_report_dict": {
        "class_1": {
            "accuracy": 0.56015503875969,
            "precision": 0.013132582139072984,
            "recall": 0.7848484848484849,
            "f1-score": 0.025817214605304627,
            "roc_auc": 0.7222151231187376,
            "pr_auc": 0.016357353582743508,
            "mcc": 0.05963875970096692
        }
    }
}