{
    "mcc": 0.13579205005985964,
    "auc_roc": 0.8814510567522617,
    "accuracy": 0.7940863787375414,
    "classification_report_dict": {
        "class_1": {
            "accuracy": 0.7940863787375414,
            "precision": 0.03186303721914233,
            "recall": 0.8272727272727273,
            "f1-score": 0.061023659414005935,
            "roc_auc": 0.8814510567522617,
            "pr_auc": 0.13087059878647855,
            "mcc": 0.13579205005985964
        }
    }
}