{
    "mcc": 0.05951874689326016,
    "auc_roc": 0.7334631455113383,
    "accuracy": 0.6265559246954596,
    "classification_report_dict": {
        "class_1": {
            "accuracy": 0.6265559246954596,
            "precision": 0.013755822128984388,
            "recall": 0.7121212121212123,
            "f1-score": 0.026975302854284358,
            "roc_auc": 0.7334631455113383,
            "pr_auc": 0.023186167477925998,
            "mcc": 0.05951874689326016
        }
    }
}