{
    "mcc": 0.14865846591924753,
    "auc_roc": 0.9111293659486429,
    "accuracy": 0.8378959025470653,
    "classification_report_dict": {
        "class_1": {
            "accuracy": 0.8378959025470653,
            "precision": 0.03722548894889224,
            "recall": 0.7969696969696971,
            "f1-score": 0.07070744524306279,
            "roc_auc": 0.9111293659486429,
            "pr_auc": 0.09617944221433916,
            "mcc": 0.14865846591924753
        }
    }
}