{
    "mcc": 0.09514116620564947,
    "auc_roc": 0.8368007383067624,
    "accuracy": 0.6856256921373198,
    "classification_report_dict": {
        "class_1": {
            "accuracy": 0.6856256921373198,
            "precision": 0.019569974499724595,
            "recall": 0.8272727272727273,
            "f1-score": 0.0381937885268623,
            "roc_auc": 0.8368007383067624,
            "pr_auc": 0.07003378107103157,
            "mcc": 0.09514116620564947
        }
    }
}