{
    "mcc": -0.01368686871936891,
    "auc_roc": 0.46766131265577393,
    "accuracy": 0.5696381751442056,
    "classification_report_dict": {
        "class_1": {
            "accuracy": 0.5696381751442056,
            "precision": 0.010232255867889438,
            "recall": 0.36666666666666664,
            "f1-score": 0.019895124645446367,
            "roc_auc": 0.46766131265577393,
            "pr_auc": 0.011427671081712712,
            "mcc": -0.01368686871936891
        }
    }
}