{
    "mcc": 0.06377873644356585,
    "auc_roc": 0.6930174774608449,
    "accuracy": 0.6720852997727671,
    "classification_report_dict": {
        "class_1": {
            "accuracy": 0.6720852997727671,
            "precision": 0.022047676904133968,
            "recall": 0.6,
            "f1-score": 0.04248431895378402,
            "roc_auc": 0.6930174774608449,
            "pr_auc": 0.031855937512614126,
            "mcc": 0.06377873644356585
        }
    }
}