{
    "mcc": 0.053277586526439324,
    "auc_roc": 0.6596360657250991,
    "accuracy": 0.5636427198042301,
    "classification_report_dict": {
        "class_1": {
            "accuracy": 0.5636427198042301,
            "precision": 0.018733587313278764,
            "recall": 0.6782608695652175,
            "f1-score": 0.03644470683165132,
            "roc_auc": 0.6596360657250991,
            "pr_auc": 0.030732174491147034,
            "mcc": 0.053277586526439324
        }
    }
}