{
    "mcc": 0.07741304519163218,
    "auc_roc": 0.7350010769562142,
    "accuracy": 0.6503233700402027,
    "classification_report_dict": {
        "class_1": {
            "accuracy": 0.6503233700402027,
            "precision": 0.023646956925013552,
            "recall": 0.6869565217391305,
            "f1-score": 0.045695255446149205,
            "roc_auc": 0.7350010769562142,
            "pr_auc": 0.05397128256079073,
            "mcc": 0.07741304519163218
        }
    }
}