{
    "mcc": 0.055345467615796624,
    "auc_roc": 0.6862445767562079,
    "accuracy": 0.7276525083027443,
    "classification_report_dict": {
        "class_1": {
            "accuracy": 0.7276525083027443,
            "precision": 0.022150537695765322,
            "recall": 0.4927536231884059,
            "f1-score": 0.04224212209795931,
            "roc_auc": 0.6862445767562079,
            "pr_auc": 0.034088244006012625,
            "mcc": 0.055345467615796624
        }
    }
}