{
    "mcc": 0.08329618033772515,
    "auc_roc": 0.6871815181518153,
    "accuracy": 0.6264724919093853,
    "classification_report_dict": {
        "class_1": {
            "accuracy": 0.6264724919093853,
            "precision": 0.03396596600992871,
            "recall": 0.6666666666666665,
            "f1-score": 0.0645636835943483,
            "roc_auc": 0.6871815181518153,
            "pr_auc": 0.042736946924833125,
            "mcc": 0.08329618033772515
        }
    }
}