{
    "mcc": 0.10727212889249144,
    "auc_roc": 0.7558514851485147,
    "accuracy": 0.8136569579288024,
    "classification_report_dict": {
        "class_1": {
            "accuracy": 0.8136569579288024,
            "precision": 0.050827232609007046,
            "recall": 0.48000000000000004,
            "f1-score": 0.091768615885634,
            "roc_auc": 0.7558514851485147,
            "pr_auc": 0.05808567338077349,
            "mcc": 0.10727212889249144
        }
    }
}