{
    "mcc": 0.05472682035445422,
    "auc_roc": 0.6357392739273927,
    "accuracy": 0.5579288025889968,
    "classification_report_dict": {
        "class_1": {
            "accuracy": 0.5579288025889968,
            "precision": 0.027872956386134958,
            "recall": 0.6400000000000001,
            "f1-score": 0.053397486834869605,
            "roc_auc": 0.6357392739273927,
            "pr_auc": 0.04233334076099966,
            "mcc": 0.05472682035445422
        }
    }
}