{
    "mcc": 0.10284120497216481,
    "auc_roc": 0.7246666666666665,
    "accuracy": 0.7875080906148867,
    "classification_report_dict": {
        "class_1": {
            "accuracy": 0.7875080906148867,
            "precision": 0.04706113278026394,
            "recall": 0.51,
            "f1-score": 0.08608642306223376,
            "roc_auc": 0.7246666666666665,
            "pr_auc": 0.05710969994159049,
            "mcc": 0.10284120497216481
        }
    }
}