{
    "mcc": 0.09114644802548733,
    "auc_roc": 0.7296402640264026,
    "accuracy": 0.7521682847896439,
    "classification_report_dict": {
        "class_1": {
            "accuracy": 0.7521682847896439,
            "precision": 0.041118442037927694,
            "recall": 0.5299999999999999,
            "f1-score": 0.07622222949773123,
            "roc_auc": 0.7296402640264026,
            "pr_auc": 0.044108353137783975,
            "mcc": 0.09114644802548733
        }
    }
}