{
    "mcc": -0.020039118742048164,
    "auc_roc": 0.4494869072894551,
    "accuracy": 0.5626289110295403,
    "classification_report_dict": {
        "class_1": {
            "accuracy": 0.5626289110295403,
            "precision": 0.009457728087805895,
            "recall": 0.34492753623188405,
            "f1-score": 0.018396495587972937,
            "roc_auc": 0.4494869072894551,
            "pr_auc": 0.011104812227945546,
            "mcc": -0.020039118742048164
        }
    }
}