{
    "mcc": 0.07142975663331598,
    "auc_roc": 0.7053963198867658,
    "accuracy": 0.732546757559867,
    "classification_report_dict": {
        "class_1": {
            "accuracy": 0.732546757559867,
            "precision": 0.025190298941627946,
            "recall": 0.5521739130434783,
            "f1-score": 0.04804235010692257,
            "roc_auc": 0.7053963198867658,
            "pr_auc": 0.03037377791036545,
            "mcc": 0.07142975663331598
        }
    }
}