{
    "mcc": 0.04614130347290687,
    "auc_roc": 0.6331729437828856,
    "accuracy": 0.639730816290858,
    "classification_report_dict": {
        "class_1": {
            "accuracy": 0.639730816290858,
            "precision": 0.018809149907088304,
            "recall": 0.5608695652173913,
            "f1-score": 0.036363083356057674,
            "roc_auc": 0.6331729437828856,
            "pr_auc": 0.024845643210319342,
            "mcc": 0.04614130347290687
        }
    }
}