{
    "mcc": 0.090488483694034,
    "auc_roc": 0.73640804332441,
    "accuracy": 0.7162908582415661,
    "classification_report_dict": {
        "class_1": {
            "accuracy": 0.7162908582415661,
            "precision": 0.027883130590213138,
            "recall": 0.655072463768116,
            "f1-score": 0.05340623859722861,
            "roc_auc": 0.73640804332441,
            "pr_auc": 0.04696432621273147,
            "mcc": 0.090488483694034
        }
    }
}