{
    "mcc": 0.07402873853340942,
    "auc_roc": 0.7396019877534694,
    "accuracy": 0.7491172871875548,
    "classification_report_dict": {
        "class_1": {
            "accuracy": 0.7491172871875548,
            "precision": 0.02681409075301914,
            "recall": 0.5347826086956522,
            "f1-score": 0.05071734266546635,
            "roc_auc": 0.7396019877534694,
            "pr_auc": 0.042318029933605526,
            "mcc": 0.07402873853340942
        }
    }
}