{
    "mcc": 0.03445243727997136,
    "auc_roc": 0.6000213489301367,
    "accuracy": 0.7067924528301888,
    "classification_report_dict": {
        "class_1": {
            "accuracy": 0.7067924528301888,
            "precision": 0.032908900753610235,
            "recall": 0.384375,
            "f1-score": 0.0604200010750547,
            "roc_auc": 0.6000213489301367,
            "pr_auc": 0.03552596092307002,
            "mcc": 0.03445243727997136
        }
    }
}