{
    "mcc": 0.07010211805692282,
    "auc_roc": 0.6139875773395205,
    "accuracy": 0.7905911949685535,
    "classification_report_dict": {
        "class_1": {
            "accuracy": 0.7905911949685535,
            "precision": 0.04600868851588039,
            "recall": 0.38125,
            "f1-score": 0.0815794144393627,
            "roc_auc": 0.6139875773395205,
            "pr_auc": 0.05751700052103056,
            "mcc": 0.07010211805692282
        }
    }
}