{
    "mcc": 0.060589028679515426,
    "auc_roc": 0.640488447409126,
    "accuracy": 0.7375094339622642,
    "classification_report_dict": {
        "class_1": {
            "accuracy": 0.7375094339622642,
            "precision": 0.04000050121360787,
            "recall": 0.4270833333333333,
            "f1-score": 0.07304727507916457,
            "roc_auc": 0.640488447409126,
            "pr_auc": 0.060147581423942144,
            "mcc": 0.060589028679515426
        }
    }
}