{
    "mcc": 0.08489373926345083,
    "auc_roc": 0.6422765210105695,
    "accuracy": 0.8580628930817612,
    "classification_report_dict": {
        "class_1": {
            "accuracy": 0.8580628930817612,
            "precision": 0.058339936147548614,
            "recall": 0.31354166666666666,
            "f1-score": 0.09786217872994779,
            "roc_auc": 0.6422765210105695,
            "pr_auc": 0.09178992254517748,
            "mcc": 0.08489373926345083
        }
    }
}