{
    "mcc": 0.03655922852940504,
    "auc_roc": 0.5780597447795824,
    "accuracy": 0.7249308176100626,
    "classification_report_dict": {
        "class_1": {
            "accuracy": 0.7249308176100626,
            "precision": 0.03381954061504375,
            "recall": 0.3697916666666667,
            "f1-score": 0.06168601097263047,
            "roc_auc": 0.5780597447795824,
            "pr_auc": 0.05636462327451385,
            "mcc": 0.03655922852940504
        }
    }
}