{
    "mcc": -0.00842450665653867,
    "auc_roc": 0.49771771341171966,
    "accuracy": 0.9176499508357916,
    "classification_report_dict": {
        "class_1": {
            "accuracy": 0.9176499508357916,
            "precision": 0.04895207518659531,
            "recall": 0.01515151515151515,
            "f1-score": 0.022997456559229364,
            "roc_auc": 0.49771771341171966,
            "pr_auc": 0.06601397358220319,
            "mcc": -0.00842450665653867
        }
    }
}