{
    "mcc": 0.14169102701093525,
    "auc_roc": 0.6760949612403101,
    "accuracy": 0.6331501831501832,
    "classification_report_dict": {
        "class_1": {
            "accuracy": 0.6331501831501832,
            "precision": 0.09621320186746132,
            "recall": 0.67,
            "f1-score": 0.16803649859296052,
            "roc_auc": 0.6760949612403101,
            "pr_auc": 0.12571927739942712,
            "mcc": 0.14169102701093525
        }
    }
}