{
    "mcc": 0.18377145566431266,
    "auc_roc": 0.7257073643410854,
    "accuracy": 0.8036630036630038,
    "classification_report_dict": {
        "class_1": {
            "accuracy": 0.8036630036630038,
            "precision": 0.14081800771923583,
            "recall": 0.49666666666666665,
            "f1-score": 0.21861569326409264,
            "roc_auc": 0.7257073643410854,
            "pr_auc": 0.22571304419431723,
            "mcc": 0.18377145566431266
        }
    }
}