{
    "mcc": 0.12463256619397042,
    "auc_roc": 0.6787209302325581,
    "accuracy": 0.5408424908424909,
    "classification_report_dict": {
        "class_1": {
            "accuracy": 0.5408424908424909,
            "precision": 0.08449525914655132,
            "recall": 0.7433333333333335,
            "f1-score": 0.15164144247849015,
            "roc_auc": 0.6787209302325581,
            "pr_auc": 0.13452589311483754,
            "mcc": 0.12463256619397042
        }
    }
}