{
    "mcc": 0.19006287736830332,
    "auc_roc": 0.7488275193798449,
    "accuracy": 0.761172161172161,
    "classification_report_dict": {
        "class_1": {
            "accuracy": 0.761172161172161,
            "precision": 0.13130689277157395,
            "recall": 0.5866666666666666,
            "f1-score": 0.2140507793825577,
            "roc_auc": 0.7488275193798449,
            "pr_auc": 0.24122152910516353,
            "mcc": 0.19006287736830332
        }
    }
}