{
    "mcc": 0.1675745630013241,
    "auc_roc": 0.7454263565891474,
    "accuracy": 0.754212454212454,
    "classification_report_dict": {
        "class_1": {
            "accuracy": 0.754212454212454,
            "precision": 0.12209554328108974,
            "recall": 0.55,
            "f1-score": 0.19901382926448236,
            "roc_auc": 0.7454263565891474,
            "pr_auc": 0.1871696437818226,
            "mcc": 0.1675745630013241
        }
    }
}