{
    "mcc": 0.06563675257907452,
    "auc_roc": 0.7464666747799279,
    "accuracy": 0.55734219269103,
    "classification_report_dict": {
        "class_1": {
            "accuracy": 0.55734219269103,
            "precision": 0.013629098701207104,
            "recall": 0.8242424242424242,
            "f1-score": 0.026805318627110993,
            "roc_auc": 0.7464666747799279,
            "pr_auc": 0.019599782034909495,
            "mcc": 0.06563675257907452
        }
    }
}