{
    "mcc": 0.10556165616973666,
    "auc_roc": 0.8716684921504197,
    "accuracy": 0.7024584717607973,
    "classification_report_dict": {
        "class_1": {
            "accuracy": 0.7024584717607973,
            "precision": 0.02166346952470515,
            "recall": 0.8545454545454546,
            "f1-score": 0.04219784356132083,
            "roc_auc": 0.8716684921504197,
            "pr_auc": 0.11975761936922624,
            "mcc": 0.10556165616973666
        }
    }
}