{
    "mcc": 0.06678940750023124,
    "auc_roc": 0.7702750395521478,
    "accuracy": 0.626312292358804,
    "classification_report_dict": {
        "class_1": {
            "accuracy": 0.626312292358804,
            "precision": 0.014600418640762867,
            "recall": 0.7515151515151516,
            "f1-score": 0.028611313857884083,
            "roc_auc": 0.7702750395521478,
            "pr_auc": 0.04671404282156204,
            "mcc": 0.06678940750023124
        }
    }
}