{
    "mcc": 0.1306174309720072,
    "auc_roc": 0.911524887428502,
    "accuracy": 0.7681949058693245,
    "classification_report_dict": {
        "class_1": {
            "accuracy": 0.7681949058693245,
            "precision": 0.02804905627655189,
            "recall": 0.8727272727272727,
            "f1-score": 0.05422939132582982,
            "roc_auc": 0.911524887428502,
            "pr_auc": 0.17340590250084462,
            "mcc": 0.1306174309720072
        }
    }
}