{
    "mcc": 0.10104501254035274,
    "auc_roc": 0.8712182061579653,
    "accuracy": 0.6833222591362127,
    "classification_report_dict": {
        "class_1": {
            "accuracy": 0.6833222591362127,
            "precision": 0.02035745335606913,
            "recall": 0.8606060606060605,
            "f1-score": 0.039722727896971,
            "roc_auc": 0.8712182061579653,
            "pr_auc": 0.08967337449118205,
            "mcc": 0.10104501254035274
        }
    }
}