{
    "mcc": 0.003932738370434956,
    "auc_roc": 0.5011851056211959,
    "accuracy": 0.9077020202020203,
    "classification_report_dict": {
        "class_1": {
            "accuracy": 0.9077020202020203,
            "precision": 0.07814814814814813,
            "recall": 0.026315789473684206,
            "f1-score": 0.03854993751767946,
            "roc_auc": 0.5011851056211959,
            "pr_auc": 0.07519132427027161,
            "mcc": 0.003932738370434956
        }
    }
}