{
    "mcc": -0.003033534660787515,
    "auc_roc": 0.4975742574257425,
    "accuracy": 0.9598058252427183,
    "classification_report_dict": {
        "class_1": {
            "accuracy": 0.9598058252427183,
            "precision": 0.01862026862026862,
            "recall": 0.016666666666666666,
            "f1-score": 0.016908212560386476,
            "roc_auc": 0.4975742574257425,
            "pr_auc": 0.02095587799471294,
            "mcc": -0.003033534660787515
        }
    }
}